-- phpMyAdmin SQL Dump
-- version 4.7.0
-- https://www.phpmyadmin.net/
--
-- Host: 127.0.0.1
-- Generation Time: Aug 25, 2018 at 01:59 PM
-- Server version: 10.1.25-MariaDB
-- PHP Version: 5.6.31

SET SQL_MODE = "NO_AUTO_VALUE_ON_ZERO";
SET AUTOCOMMIT = 0;
START TRANSACTION;
SET time_zone = "+00:00";


/*!40101 SET @OLD_CHARACTER_SET_CLIENT=@@CHARACTER_SET_CLIENT */;
/*!40101 SET @OLD_CHARACTER_SET_RESULTS=@@CHARACTER_SET_RESULTS */;
/*!40101 SET @OLD_COLLATION_CONNECTION=@@COLLATION_CONNECTION */;
/*!40101 SET NAMES utf8mb4 */;

--
-- Database: `vezbanje`
--

-- --------------------------------------------------------

--
-- Table structure for table `basket`
--

CREATE TABLE `basket` (
  `idBasket` int(11) NOT NULL,
  `idUser` int(11) NOT NULL,
  `content` text NOT NULL,
  `status` tinyint(1) NOT NULL DEFAULT '1',
  `datum` timestamp NOT NULL DEFAULT CURRENT_TIMESTAMP,
  `datumPorudzbine` timestamp NOT NULL DEFAULT CURRENT_TIMESTAMP
) ENGINE=InnoDB DEFAULT CHARSET=utf8;

--
-- Dumping data for table `basket`
--

INSERT INTO `basket` (`idBasket`, `idUser`, `content`, `status`, `datum`, `datumPorudzbine`) VALUES
(22, 3, 'O:5:\"Korpa\":1:{s:12:\"nizProizvoda\";a:1:{i:0;O:8:\"Predmeti\":12:{s:6:\"fields\";s:45:\"idPredmeta,naziv,slika,cena,opis,idKategorija\";s:5:\"table\";s:8:\"predmeti\";s:14:\"preparedValues\";s:11:\"?,?,?,?,?,?\";s:10:\"primaryKey\";s:10:\"idPredmeta\";s:6:\"filter\";s:0:\"\";s:15:\"valuesForInsert\";a:0:{}s:10:\"idPredmeta\";s:1:\"6\";s:5:\"naziv\";s:14:\"Moderan_Dizajn\";s:5:\"slika\";s:11:\"photo_6.jpg\";s:4:\"cena\";s:3:\"199\";s:4:\"opis\";s:127:\"Pellentesque ex augue, imperdiet in dui vitae, gravida accumsan orci. Quisque vitae molestie orci. Praesent nec interdum risus.\";s:12:\"idKategorija\";s:1:\"2\";}}}', 2, '2018-07-23 17:58:02', '2018-07-23 17:58:02'),
(23, 3, 'O:5:\"Korpa\":1:{s:12:\"nizProizvoda\";a:1:{i:0;O:8:\"Predmeti\":12:{s:6:\"fields\";s:45:\"idPredmeta,naziv,slika,cena,opis,idKategorija\";s:5:\"table\";s:8:\"predmeti\";s:14:\"preparedValues\";s:11:\"?,?,?,?,?,?\";s:10:\"primaryKey\";s:10:\"idPredmeta\";s:6:\"filter\";s:0:\"\";s:15:\"valuesForInsert\";a:0:{}s:10:\"idPredmeta\";s:1:\"1\";s:5:\"naziv\";s:15:\"PHP programming\";s:5:\"slika\";s:11:\"photo_1.jpg\";s:4:\"cena\";s:3:\"225\";s:4:\"opis\";s:123:\"Etiam eu libero quam. Morbi mattis semper porta. In feugiat magna in velit bibendum lobortis. Nam vestibulum dapibus mauris\";s:12:\"idKategorija\";s:1:\"1\";}}}', 2, '2018-07-23 17:58:36', '2018-07-23 17:58:36'),
(24, 3, 'O:5:\"Korpa\":1:{s:12:\"nizProizvoda\";a:2:{i:0;O:8:\"Predmeti\":12:{s:6:\"fields\";s:45:\"idPredmeta,naziv,slika,cena,opis,idKategorija\";s:5:\"table\";s:8:\"predmeti\";s:14:\"preparedValues\";s:11:\"?,?,?,?,?,?\";s:10:\"primaryKey\";s:10:\"idPredmeta\";s:6:\"filter\";s:0:\"\";s:15:\"valuesForInsert\";a:0:{}s:10:\"idPredmeta\";s:1:\"8\";s:5:\"naziv\";s:7:\"Economy\";s:5:\"slika\";s:11:\"photo_3.jpg\";s:4:\"cena\";s:3:\"336\";s:4:\"opis\";s:127:\"Pellentesque ex augue, imperdiet in dui vitae, gravida accumsan orci. Quisque vitae molestie orci. Praesent nec interdum risus.\";s:12:\"idKategorija\";s:1:\"3\";}i:1;O:8:\"Predmeti\":12:{s:6:\"fields\";s:45:\"idPredmeta,naziv,slika,cena,opis,idKategorija\";s:5:\"table\";s:8:\"predmeti\";s:14:\"preparedValues\";s:11:\"?,?,?,?,?,?\";s:10:\"primaryKey\";s:10:\"idPredmeta\";s:6:\"filter\";s:0:\"\";s:15:\"valuesForInsert\";a:0:{}s:10:\"idPredmeta\";s:1:\"7\";s:5:\"naziv\";s:9:\"WordPress\";s:5:\"slika\";s:11:\"photo_6.jpg\";s:4:\"cena\";s:2:\"72\";s:4:\"opis\";s:125:\"Etiam eu libero quam. Morbi mattis semper porta. In feugiat magna in velit bibendum lobortis. Nam vestibulum dapibus mauriss.\";s:12:\"idKategorija\";s:1:\"2\";}}}', 2, '2018-07-23 17:59:27', '2018-07-23 17:59:27'),
(25, 3, 'O:5:\"Korpa\":1:{s:12:\"nizProizvoda\";a:1:{i:0;O:8:\"Predmeti\":12:{s:6:\"fields\";s:45:\"idPredmeta,naziv,slika,cena,opis,idKategorija\";s:5:\"table\";s:8:\"predmeti\";s:14:\"preparedValues\";s:11:\"?,?,?,?,?,?\";s:10:\"primaryKey\";s:10:\"idPredmeta\";s:6:\"filter\";s:0:\"\";s:15:\"valuesForInsert\";a:0:{}s:10:\"idPredmeta\";s:1:\"7\";s:5:\"naziv\";s:9:\"WordPress\";s:5:\"slika\";s:11:\"photo_6.jpg\";s:4:\"cena\";s:2:\"72\";s:4:\"opis\";s:125:\"Etiam eu libero quam. Morbi mattis semper porta. In feugiat magna in velit bibendum lobortis. Nam vestibulum dapibus mauriss.\";s:12:\"idKategorija\";s:1:\"2\";}}}', 2, '2018-07-23 18:00:48', '2018-07-23 18:00:48'),
(26, 3, 'O:5:\"Korpa\":1:{s:12:\"nizProizvoda\";a:2:{i:0;O:8:\"Predmeti\":12:{s:6:\"fields\";s:45:\"idPredmeta,naziv,slika,cena,opis,idKategorija\";s:5:\"table\";s:8:\"predmeti\";s:14:\"preparedValues\";s:11:\"?,?,?,?,?,?\";s:10:\"primaryKey\";s:10:\"idPredmeta\";s:6:\"filter\";s:0:\"\";s:15:\"valuesForInsert\";a:0:{}s:10:\"idPredmeta\";s:1:\"7\";s:5:\"naziv\";s:9:\"WordPress\";s:5:\"slika\";s:11:\"photo_6.jpg\";s:4:\"cena\";s:2:\"72\";s:4:\"opis\";s:125:\"Etiam eu libero quam. Morbi mattis semper porta. In feugiat magna in velit bibendum lobortis. Nam vestibulum dapibus mauriss.\";s:12:\"idKategorija\";s:1:\"2\";}i:1;O:8:\"Predmeti\":12:{s:6:\"fields\";s:45:\"idPredmeta,naziv,slika,cena,opis,idKategorija\";s:5:\"table\";s:8:\"predmeti\";s:14:\"preparedValues\";s:11:\"?,?,?,?,?,?\";s:10:\"primaryKey\";s:10:\"idPredmeta\";s:6:\"filter\";s:0:\"\";s:15:\"valuesForInsert\";a:0:{}s:10:\"idPredmeta\";s:1:\"8\";s:5:\"naziv\";s:7:\"Economy\";s:5:\"slika\";s:11:\"photo_3.jpg\";s:4:\"cena\";s:3:\"336\";s:4:\"opis\";s:127:\"Pellentesque ex augue, imperdiet in dui vitae, gravida accumsan orci. Quisque vitae molestie orci. Praesent nec interdum risus.\";s:12:\"idKategorija\";s:1:\"3\";}}}', 2, '2018-07-23 18:01:25', '2018-07-23 18:01:25'),
(27, 3, 'O:5:\"Korpa\":1:{s:12:\"nizProizvoda\";a:2:{i:0;O:8:\"Predmeti\":12:{s:6:\"fields\";s:45:\"idPredmeta,naziv,slika,cena,opis,idKategorija\";s:5:\"table\";s:8:\"predmeti\";s:14:\"preparedValues\";s:11:\"?,?,?,?,?,?\";s:10:\"primaryKey\";s:10:\"idPredmeta\";s:6:\"filter\";s:0:\"\";s:15:\"valuesForInsert\";a:0:{}s:10:\"idPredmeta\";s:1:\"8\";s:5:\"naziv\";s:7:\"Economy\";s:5:\"slika\";s:11:\"photo_3.jpg\";s:4:\"cena\";s:3:\"336\";s:4:\"opis\";s:127:\"Pellentesque ex augue, imperdiet in dui vitae, gravida accumsan orci. Quisque vitae molestie orci. Praesent nec interdum risus.\";s:12:\"idKategorija\";s:1:\"3\";}i:1;O:8:\"Predmeti\":12:{s:6:\"fields\";s:45:\"idPredmeta,naziv,slika,cena,opis,idKategorija\";s:5:\"table\";s:8:\"predmeti\";s:14:\"preparedValues\";s:11:\"?,?,?,?,?,?\";s:10:\"primaryKey\";s:10:\"idPredmeta\";s:6:\"filter\";s:0:\"\";s:15:\"valuesForInsert\";a:0:{}s:10:\"idPredmeta\";s:1:\"6\";s:5:\"naziv\";s:14:\"Moderan_Dizajn\";s:5:\"slika\";s:11:\"photo_6.jpg\";s:4:\"cena\";s:3:\"199\";s:4:\"opis\";s:127:\"Pellentesque ex augue, imperdiet in dui vitae, gravida accumsan orci. Quisque vitae molestie orci. Praesent nec interdum risus.\";s:12:\"idKategorija\";s:1:\"2\";}}}', 2, '2018-07-23 18:03:40', '2018-07-23 18:03:40'),
(28, 3, 'O:5:\"Korpa\":1:{s:12:\"nizProizvoda\";a:1:{i:0;O:8:\"Predmeti\":12:{s:6:\"fields\";s:45:\"idPredmeta,naziv,slika,cena,opis,idKategorija\";s:5:\"table\";s:8:\"predmeti\";s:14:\"preparedValues\";s:11:\"?,?,?,?,?,?\";s:10:\"primaryKey\";s:10:\"idPredmeta\";s:6:\"filter\";s:0:\"\";s:15:\"valuesForInsert\";a:0:{}s:10:\"idPredmeta\";s:1:\"7\";s:5:\"naziv\";s:9:\"WordPress\";s:5:\"slika\";s:11:\"photo_6.jpg\";s:4:\"cena\";s:2:\"72\";s:4:\"opis\";s:125:\"Etiam eu libero quam. Morbi mattis semper porta. In feugiat magna in velit bibendum lobortis. Nam vestibulum dapibus mauriss.\";s:12:\"idKategorija\";s:1:\"2\";}}}', 2, '2018-07-23 22:59:16', '2018-07-23 22:59:16'),
(29, 3, 'O:5:\"Korpa\":1:{s:12:\"nizProizvoda\";a:4:{i:0;O:8:\"Predmeti\":12:{s:6:\"fields\";s:45:\"idPredmeta,naziv,slika,cena,opis,idKategorija\";s:5:\"table\";s:8:\"predmeti\";s:14:\"preparedValues\";s:11:\"?,?,?,?,?,?\";s:10:\"primaryKey\";s:10:\"idPredmeta\";s:6:\"filter\";s:0:\"\";s:15:\"valuesForInsert\";a:0:{}s:10:\"idPredmeta\";s:1:\"1\";s:5:\"naziv\";s:15:\"PHP programming\";s:5:\"slika\";s:11:\"photo_1.jpg\";s:4:\"cena\";s:3:\"225\";s:4:\"opis\";s:123:\"Etiam eu libero quam. Morbi mattis semper porta. In feugiat magna in velit bibendum lobortis. Nam vestibulum dapibus mauris\";s:12:\"idKategorija\";s:1:\"1\";}i:1;O:8:\"Predmeti\":12:{s:6:\"fields\";s:45:\"idPredmeta,naziv,slika,cena,opis,idKategorija\";s:5:\"table\";s:8:\"predmeti\";s:14:\"preparedValues\";s:11:\"?,?,?,?,?,?\";s:10:\"primaryKey\";s:10:\"idPredmeta\";s:6:\"filter\";s:0:\"\";s:15:\"valuesForInsert\";a:0:{}s:10:\"idPredmeta\";s:1:\"8\";s:5:\"naziv\";s:7:\"Economy\";s:5:\"slika\";s:11:\"photo_3.jpg\";s:4:\"cena\";s:3:\"336\";s:4:\"opis\";s:127:\"Pellentesque ex augue, imperdiet in dui vitae, gravida accumsan orci. Quisque vitae molestie orci. Praesent nec interdum risus.\";s:12:\"idKategorija\";s:1:\"3\";}i:2;O:8:\"Predmeti\":12:{s:6:\"fields\";s:45:\"idPredmeta,naziv,slika,cena,opis,idKategorija\";s:5:\"table\";s:8:\"predmeti\";s:14:\"preparedValues\";s:11:\"?,?,?,?,?,?\";s:10:\"primaryKey\";s:10:\"idPredmeta\";s:6:\"filter\";s:0:\"\";s:15:\"valuesForInsert\";a:0:{}s:10:\"idPredmeta\";s:1:\"7\";s:5:\"naziv\";s:9:\"WordPress\";s:5:\"slika\";s:11:\"photo_6.jpg\";s:4:\"cena\";s:2:\"72\";s:4:\"opis\";s:125:\"Etiam eu libero quam. Morbi mattis semper porta. In feugiat magna in velit bibendum lobortis. Nam vestibulum dapibus mauriss.\";s:12:\"idKategorija\";s:1:\"2\";}i:3;O:8:\"Predmeti\":12:{s:6:\"fields\";s:45:\"idPredmeta,naziv,slika,cena,opis,idKategorija\";s:5:\"table\";s:8:\"predmeti\";s:14:\"preparedValues\";s:11:\"?,?,?,?,?,?\";s:10:\"primaryKey\";s:10:\"idPredmeta\";s:6:\"filter\";s:0:\"\";s:15:\"valuesForInsert\";a:0:{}s:10:\"idPredmeta\";s:1:\"6\";s:5:\"naziv\";s:14:\"Moderan_Dizajn\";s:5:\"slika\";s:11:\"photo_6.jpg\";s:4:\"cena\";s:3:\"199\";s:4:\"opis\";s:127:\"Pellentesque ex augue, imperdiet in dui vitae, gravida accumsan orci. Quisque vitae molestie orci. Praesent nec interdum risus.\";s:12:\"idKategorija\";s:1:\"2\";}}}', 2, '2018-07-23 23:00:00', '2018-07-23 23:00:00'),
(30, 3, 'O:5:\"Korpa\":1:{s:12:\"nizProizvoda\";a:1:{i:0;O:8:\"Predmeti\":12:{s:6:\"fields\";s:45:\"idPredmeta,naziv,slika,cena,opis,idKategorija\";s:5:\"table\";s:8:\"predmeti\";s:14:\"preparedValues\";s:11:\"?,?,?,?,?,?\";s:10:\"primaryKey\";s:10:\"idPredmeta\";s:6:\"filter\";s:0:\"\";s:15:\"valuesForInsert\";a:0:{}s:10:\"idPredmeta\";s:2:\"12\";s:5:\"naziv\";s:7:\"Drawing\";s:5:\"slika\";s:11:\"photo_6.jpg\";s:4:\"cena\";s:3:\"116\";s:4:\"opis\";s:127:\"Pellentesque ex augue, imperdiet in dui vitae, gravida accumsan orci. Quisque vitae molestie orci. Praesent nec interdum risus.\";s:12:\"idKategorija\";s:1:\"4\";}}}', 2, '2018-07-24 12:30:32', '2018-07-24 12:30:32'),
(31, 3, 'O:5:\"Korpa\":1:{s:12:\"nizProizvoda\";a:1:{i:0;O:8:\"Predmeti\":12:{s:6:\"fields\";s:45:\"idPredmeta,naziv,slika,cena,opis,idKategorija\";s:5:\"table\";s:8:\"predmeti\";s:14:\"preparedValues\";s:11:\"?,?,?,?,?,?\";s:10:\"primaryKey\";s:10:\"idPredmeta\";s:6:\"filter\";s:0:\"\";s:15:\"valuesForInsert\";a:0:{}s:10:\"idPredmeta\";s:2:\"12\";s:5:\"naziv\";s:7:\"Drawing\";s:5:\"slika\";s:11:\"photo_6.jpg\";s:4:\"cena\";s:3:\"116\";s:4:\"opis\";s:127:\"Pellentesque ex augue, imperdiet in dui vitae, gravida accumsan orci. Quisque vitae molestie orci. Praesent nec interdum risus.\";s:12:\"idKategorija\";s:1:\"4\";}}}', 2, '2018-07-24 13:33:09', '2018-07-24 13:33:09'),
(32, 3, 'O:5:\"Korpa\":1:{s:12:\"nizProizvoda\";a:1:{i:0;O:8:\"Predmeti\":12:{s:6:\"fields\";s:45:\"idPredmeta,naziv,slika,cena,opis,idKategorija\";s:5:\"table\";s:8:\"predmeti\";s:14:\"preparedValues\";s:11:\"?,?,?,?,?,?\";s:10:\"primaryKey\";s:10:\"idPredmeta\";s:6:\"filter\";s:0:\"\";s:15:\"valuesForInsert\";a:0:{}s:10:\"idPredmeta\";s:2:\"12\";s:5:\"naziv\";s:7:\"Drawing\";s:5:\"slika\";s:11:\"photo_6.jpg\";s:4:\"cena\";s:3:\"116\";s:4:\"opis\";s:127:\"Pellentesque ex augue, imperdiet in dui vitae, gravida accumsan orci. Quisque vitae molestie orci. Praesent nec interdum risus.\";s:12:\"idKategorija\";s:1:\"4\";}}}', 2, '2018-07-24 13:34:01', '2018-07-24 13:34:01'),
(33, 3, 'O:5:\"Korpa\":1:{s:12:\"nizProizvoda\";a:1:{i:0;O:8:\"Predmeti\":12:{s:6:\"fields\";s:45:\"idPredmeta,naziv,slika,cena,opis,idKategorija\";s:5:\"table\";s:8:\"predmeti\";s:14:\"preparedValues\";s:11:\"?,?,?,?,?,?\";s:10:\"primaryKey\";s:10:\"idPredmeta\";s:6:\"filter\";s:0:\"\";s:15:\"valuesForInsert\";a:0:{}s:10:\"idPredmeta\";s:2:\"12\";s:5:\"naziv\";s:7:\"Drawing\";s:5:\"slika\";s:11:\"photo_6.jpg\";s:4:\"cena\";s:3:\"116\";s:4:\"opis\";s:127:\"Pellentesque ex augue, imperdiet in dui vitae, gravida accumsan orci. Quisque vitae molestie orci. Praesent nec interdum risus.\";s:12:\"idKategorija\";s:1:\"4\";}}}', 2, '2018-07-24 13:34:08', '2018-07-24 13:34:08'),
(34, 3, 'O:5:\"Korpa\":1:{s:12:\"nizProizvoda\";a:1:{i:0;O:8:\"Predmeti\":12:{s:6:\"fields\";s:45:\"idPredmeta,naziv,slika,cena,opis,idKategorija\";s:5:\"table\";s:8:\"predmeti\";s:14:\"preparedValues\";s:11:\"?,?,?,?,?,?\";s:10:\"primaryKey\";s:10:\"idPredmeta\";s:6:\"filter\";s:0:\"\";s:15:\"valuesForInsert\";a:0:{}s:10:\"idPredmeta\";s:2:\"12\";s:5:\"naziv\";s:7:\"Drawing\";s:5:\"slika\";s:11:\"photo_6.jpg\";s:4:\"cena\";s:3:\"116\";s:4:\"opis\";s:127:\"Pellentesque ex augue, imperdiet in dui vitae, gravida accumsan orci. Quisque vitae molestie orci. Praesent nec interdum risus.\";s:12:\"idKategorija\";s:1:\"4\";}}}', 2, '2018-07-24 13:38:38', '2018-07-24 13:38:38'),
(35, 3, 'O:5:\"Korpa\":1:{s:12:\"nizProizvoda\";a:1:{i:0;O:8:\"Predmeti\":12:{s:6:\"fields\";s:45:\"idPredmeta,naziv,slika,cena,opis,idKategorija\";s:5:\"table\";s:8:\"predmeti\";s:14:\"preparedValues\";s:11:\"?,?,?,?,?,?\";s:10:\"primaryKey\";s:10:\"idPredmeta\";s:6:\"filter\";s:0:\"\";s:15:\"valuesForInsert\";a:0:{}s:10:\"idPredmeta\";s:2:\"12\";s:5:\"naziv\";s:7:\"Drawing\";s:5:\"slika\";s:11:\"photo_6.jpg\";s:4:\"cena\";s:3:\"116\";s:4:\"opis\";s:127:\"Pellentesque ex augue, imperdiet in dui vitae, gravida accumsan orci. Quisque vitae molestie orci. Praesent nec interdum risus.\";s:12:\"idKategorija\";s:1:\"4\";}}}', 2, '2018-07-24 13:38:46', '2018-07-24 13:38:46'),
(36, 1, 'O:5:\"Korpa\":1:{s:12:\"nizProizvoda\";a:1:{i:0;O:8:\"Predmeti\":12:{s:6:\"fields\";s:45:\"idPredmeta,naziv,slika,cena,opis,idKategorija\";s:5:\"table\";s:8:\"predmeti\";s:14:\"preparedValues\";s:11:\"?,?,?,?,?,?\";s:10:\"primaryKey\";s:10:\"idPredmeta\";s:6:\"filter\";s:0:\"\";s:15:\"valuesForInsert\";a:0:{}s:10:\"idPredmeta\";s:1:\"2\";s:5:\"naziv\";s:16:\"Java programming\";s:5:\"slika\";s:11:\"photo_2.jpg\";s:4:\"cena\";s:3:\"336\";s:4:\"opis\";s:127:\"Pellentesque ex augue, imperdiet in dui vitae, gravida accumsan orci. Quisque vitae molestie orci. Praesent nec interdum risus.\";s:12:\"idKategorija\";s:1:\"1\";}}}', 2, '2018-07-24 13:57:13', '2018-07-24 13:57:13'),
(37, 3, 'O:5:\"Korpa\":1:{s:12:\"nizProizvoda\";a:1:{i:0;O:8:\"Predmeti\":12:{s:6:\"fields\";s:45:\"idPredmeta,naziv,slika,cena,opis,idKategorija\";s:5:\"table\";s:8:\"predmeti\";s:14:\"preparedValues\";s:11:\"?,?,?,?,?,?\";s:10:\"primaryKey\";s:10:\"idPredmeta\";s:6:\"filter\";s:0:\"\";s:15:\"valuesForInsert\";a:0:{}s:10:\"idPredmeta\";s:1:\"1\";s:5:\"naziv\";s:15:\"PHP programming\";s:5:\"slika\";s:11:\"photo_1.jpg\";s:4:\"cena\";s:3:\"225\";s:4:\"opis\";s:123:\"Etiam eu libero quam. Morbi mattis semper porta. In feugiat magna in velit bibendum lobortis. Nam vestibulum dapibus mauris\";s:12:\"idKategorija\";s:1:\"1\";}}}', 2, '2018-07-24 17:20:26', '2018-07-24 17:20:26'),
(38, 3, 'O:5:\"Korpa\":1:{s:12:\"nizProizvoda\";a:1:{i:0;O:8:\"Predmeti\":12:{s:6:\"fields\";s:45:\"idPredmeta,naziv,slika,cena,opis,idKategorija\";s:5:\"table\";s:8:\"predmeti\";s:14:\"preparedValues\";s:11:\"?,?,?,?,?,?\";s:10:\"primaryKey\";s:10:\"idPredmeta\";s:6:\"filter\";s:0:\"\";s:15:\"valuesForInsert\";a:0:{}s:10:\"idPredmeta\";s:1:\"1\";s:5:\"naziv\";s:15:\"PHP programming\";s:5:\"slika\";s:11:\"photo_1.jpg\";s:4:\"cena\";s:3:\"225\";s:4:\"opis\";s:123:\"Etiam eu libero quam. Morbi mattis semper porta. In feugiat magna in velit bibendum lobortis. Nam vestibulum dapibus mauris\";s:12:\"idKategorija\";s:1:\"1\";}}}', 2, '2018-07-26 15:28:04', '2018-07-26 15:28:04'),
(39, 3, 'O:5:\"Korpa\":1:{s:12:\"nizProizvoda\";a:1:{i:0;O:8:\"Predmeti\":12:{s:6:\"fields\";s:45:\"idPredmeta,naziv,slika,cena,opis,idKategorija\";s:5:\"table\";s:8:\"predmeti\";s:14:\"preparedValues\";s:11:\"?,?,?,?,?,?\";s:10:\"primaryKey\";s:10:\"idPredmeta\";s:6:\"filter\";s:0:\"\";s:15:\"valuesForInsert\";a:0:{}s:10:\"idPredmeta\";s:1:\"1\";s:5:\"naziv\";s:15:\"PHP programming\";s:5:\"slika\";s:11:\"photo_1.jpg\";s:4:\"cena\";s:3:\"225\";s:4:\"opis\";s:123:\"Etiam eu libero quam. Morbi mattis semper porta. In feugiat magna in velit bibendum lobortis. Nam vestibulum dapibus mauris\";s:12:\"idKategorija\";s:1:\"1\";}}}', 2, '2018-07-26 15:46:09', '2018-07-26 15:46:09'),
(40, 1, 'O:5:\"Korpa\":1:{s:12:\"nizProizvoda\";a:2:{i:0;O:8:\"Predmeti\":12:{s:6:\"fields\";s:45:\"idPredmeta,naziv,slika,cena,opis,idKategorija\";s:5:\"table\";s:8:\"predmeti\";s:14:\"preparedValues\";s:11:\"?,?,?,?,?,?\";s:10:\"primaryKey\";s:10:\"idPredmeta\";s:6:\"filter\";s:0:\"\";s:15:\"valuesForInsert\";a:0:{}s:10:\"idPredmeta\";s:1:\"2\";s:5:\"naziv\";s:16:\"Java programming\";s:5:\"slika\";s:14:\"1532634126.png\";s:4:\"cena\";s:3:\"336\";s:4:\"opis\";s:5037:\"Consectetuer adipiscing elit. Nam pede erat, porta eu, lobortis eget, tempus et, tellus. Etiam neque. Vivamus consequat lorem at nisl. Nullam non wisi a sem semper eleifend. Donec mattis libero eget urna. Duis pretium velit ac mauris. Proin eu wisi suscipit nulla suscipit interdum. Aenean lectus lorem, imperdiet at, ultrices eget, ornare et, wisi. Pellentesque adipiscing purus ac magna. Pellentesque habitant morbi tristique senectus et netus et malesuada fames ac turpis egestas.	Pellentesque pede. Donec pulvinar ullamcorper metus. In eu odio at lectus pulvinar mollis. Vestibulum sem magna, elementum ut, vestibulum eu, facilisis quis, arcu. Mauris a dolor. Nulla facilisi. Cum sociis natoque penatibus et magnis dis parturient montes, nascetur ridiculus mus. Sed blandit. Phasellus pellentesque, ante nec iaculis dapibus, eros justo auctor lectus, a lobortis lorem mauris quis nunc. Praesent pellentesque facilisis elit. Class aptent taciti sociosqu ad litora torquent per conubia nostra, per inceptos hymenaeos. In hac habitasse platea dictumst. Nullam id ante eget dui vulputate aliquam. Pellentesque erat erat, tincidunt in, eleifend accumsan, malesuada eget, augue. Suspendisse sit amet tellus in eros bibendum condimentum. Vestibulum suscipit volutpat nulla. Maecenas pede nisl, elementum eu, ornare ac, malesuada at, erat. Proin gravida orci porttitor enim accumsan lacinia. Donec condimentum, urna non molestie semper, ligula enim ornare nibh, quis laoreet eros quam eget ante. Aliquam libero. Vivamus nisl nibh, iaculis vitae, viverra sit amet, ullamcorper vitae, turpis. Aliquam erat volutpat. Vestibulum dui sem, pulvinar sed, imperdiet nec, iaculis nec, leo. Fusce odio. Etiam arcu dui, faucibus eget, placerat vel, sodales eget, orci. Donec ornare neque ac sem. Mauris aliquet. Aliquam sem leo, vulputate sed, convallis at, ultricies quis, justo. Donec nonummy magna quis risus. Quisque eleifend. Phasellus tempor vehicula justo. Aliquam lacinia metus ut elit. Suspendisse iaculis mauris nec lorem.Donec leo. Vivamus fermentum nibh in augue. Praesent a lacus at urna congue rutrum. Nulla enim eros, porttitor eu, tempus id, varius non, nibh. Duis enim nulla, luctus eu, dapibus lacinia, venenatis id, quam. Vestibulum imperdiet, magna nec eleifend rutrum, nunc lectus vestibulum velit, euismod lacinia quam nisl id lorem. Quisque erat. Vestibulum pellentesque, justo mollis pretium suscipit, justo nulla blandit libero, in blandit augue justo quis nisl. Fusce mattis viverra elit. Fusce quis tortor. Consectetuer adipiscing elit. Nam pede erat, porta eu, lobortis eget, tempus et, tellus. Etiam neque. Vivamus consequat lorem at nisl. Nullam non wisi a sem semper eleifend. Donec mattis libero eget urna. Duis pretium velit ac mauris. Proin eu wisi suscipit nulla suscipit interdum. Aenean lectus lorem, imperdiet at, ultrices eget, ornare et, wisi. Pellentesque adipiscing purus ac magna. Pellentesque habitant morbi tristique senectus et netus et malesuada fames ac turpis egestas.	Pellentesque pede. Donec pulvinar ullamcorper metus. In eu odio at lectus pulvinar mollis. Vestibulum sem magna, elementum ut, vestibulum eu, facilisis quis, arcu. Mauris a dolor. Nulla facilisi. Cum sociis natoque penatibus et magnis dis parturient montes, nascetur ridiculus mus. Sed blandit. Phasellus pellentesque, ante nec iaculis dapibus, eros justo auctor lectus, a lobortis lorem mauris quis nunc. Praesent pellentesque facilisis elit. Class aptent taciti sociosqu ad litora torquent per conubia nostra, per inceptos hymenaeos. In hac habitasse platea dictumst. Nullam id ante eget dui vulputate aliquam. Pellentesque erat erat, tincidunt in, eleifend accumsan, malesuada eget, augue. Suspendisse sit amet tellus in eros bibendum condimentum. Vestibulum suscipit volutpat nulla. Maecenas pede nisl, elementum eu, ornare ac, malesuada at, erat. Proin gravida orci porttitor enim accumsan lacinia. Donec condimentum, urna non molestie semper, ligula enim ornare nibh, quis laoreet eros quam eget ante. Aliquam libero. Vivamus nisl nibh, iaculis vitae, viverra sit amet, ullamcorper vitae, turpis. Aliquam erat volutpat. Vestibulum dui sem, pulvinar sed, imperdiet nec, iaculis nec, leo. Fusce odio. Etiam arcu dui, faucibus eget, placerat vel, sodales eget, orci. Donec ornare neque ac sem. Mauris aliquet. Aliquam sem leo, vulputate sed, convallis at, ultricies quis, justo. Donec nonummy magna quis risus. Quisque eleifend. Phasellus tempor vehicula justo. Aliquam lacinia metus ut elit. Suspendisse iaculis mauris nec lorem.Donec leo. Vivamus fermentum nibh in augue. Praesent a lacus at urna congue rutrum. Nulla enim eros, porttitor eu, tempus id, varius non, nibh. Duis enim nulla, luctus eu, dapibus lacinia, venenatis id, quam. Vestibulum imperdiet, magna nec eleifend rutrum, nunc lectus vestibulum velit, euismod lacinia quam nisl id lorem. Quisque erat. Vestibulum pellentesque, justo mollis pretium suscipit, justo nulla blandit libero, in blandit augue justo quis nisl. Fusce mattis viverra elit. Fusce quis tortor.\";s:12:\"idKategorija\";s:1:\"1\";}i:1;O:8:\"Predmeti\":12:{s:6:\"fields\";s:45:\"idPredmeta,naziv,slika,cena,opis,idKategorija\";s:5:\"table\";s:8:\"predmeti\";s:14:\"preparedValues\";s:11:\"?,?,?,?,?,?\";s:10:\"primaryKey\";s:10:\"idPredmeta\";s:6:\"filter\";s:0:\"\";s:15:\"valuesForInsert\";a:0:{}s:10:\"idPredmeta\";s:1:\"5\";s:5:\"naziv\";s:10:\"Lep_Dizajn\";s:5:\"slika\";s:14:\"1532709494.png\";s:4:\"cena\";s:3:\"108\";s:4:\"opis\";s:3995:\"Lorem ipsum dolor sit amet, consectetuer adipiscing elit. Integer malesuada. Pellentesque ipsum. Aliquam erat volutpat. Duis pulvinar. Donec iaculis gravida nulla. Et harum quidem rerum facilis est et expedita distinctio. Duis viverra diam non justo. Donec quis nibh at felis congue commodo. Vivamus porttitor turpis ac leo. Excepteur sint occaecat cupidatat non proident, sunt in culpa qui officia deserunt mollit anim id est laborum. Aliquam in lorem sit amet leo accumsan lacinia. Maecenas ipsum velit, consectetuer eu lobortis ut, dictum at dui. Mauris dictum facilisis augue. Nullam rhoncus aliquam metus.\r\n\r\nFusce nibh. Mauris dolor felis, sagittis at, luctus sed, aliquam non, tellus. Integer malesuada. Aenean placerat. Sed convallis magna eu sem. Proin mattis lacinia justo. Praesent in mauris eu tortor porttitor accumsan. Aliquam ante. Suspendisse nisl. Nulla non arcu lacinia neque faucibus fringilla. Duis risus. Aliquam id dolor. Nunc tincidunt ante vitae massa. Vivamus luctus egestas leo. Duis pulvinar. Duis aute irure dolor in reprehenderit in voluptate velit esse cillum dolore eu fugiat nulla pariatur. Nullam feugiat, turpis at pulvinar vulputate, erat libero tristique tellus, nec bibendum odio risus sit amet ante. Phasellus faucibus molestie nisl. Etiam neque.\r\n\r\nNulla turpis magna, cursus sit amet, suscipit a, interdum id, felis. In rutrum. Etiam egestas wisi a erat. Sed ac dolor sit amet purus malesuada congue. Fusce tellus odio, dapibus id fermentum quis, suscipit id erat. Integer pellentesque quam vel velit. Class aptent taciti sociosqu ad litora torquent per conubia nostra, per inceptos hymenaeos. Mauris suscipit, ligula sit amet pharetra semper, nibh ante cursus purus, vel sagittis velit mauris vel metus. Etiam commodo dui eget wisi. Aenean fermentum risus id tortor. Mauris suscipit, ligula sit amet pharetra semper, nibh ante cursus purus, vel sagittis velit mauris vel metus. Praesent vitae arcu tempor neque lacinia pretium. Fusce wisi. Nam libero tempore, cum soluta nobis est eligendi optio cumque nihil impedit quo minus id quod maxime placeat facere possimus, omnis voluptas assumenda est, omnis dolor repellendus. Duis aute irure dolor in reprehenderit in voluptate velit esse cillum dolore eu fugiat nulla pariatur. Quisque porta. Duis ante orci, molestie vitae vehicula venenatis, tincidunt ac pede. Suspendisse nisl.\r\n\r\nAliquam erat volutpat. In rutrum. Nulla turpis magna, cursus sit amet, suscipit a, interdum id, felis. Excepteur sint occaecat cupidatat non proident, sunt in culpa qui officia deserunt mollit anim id est laborum. Mauris suscipit, ligula sit amet pharetra semper, nibh ante cursus purus, vel sagittis velit mauris vel metus. Donec iaculis gravida nulla. Nulla pulvinar eleifend sem. Suspendisse sagittis ultrices augue. Pellentesque pretium lectus id turpis. Integer tempor. Nullam at arcu a est sollicitudin euismod. Nullam dapibus fermentum ipsum. Nulla est. Curabitur vitae diam non enim vestibulum interdum. Vestibulum fermentum tortor id mi. Mauris suscipit, ligula sit amet pharetra semper, nibh ante cursus purus, vel sagittis velit mauris vel metus.\r\n\r\nNam quis nulla. Curabitur sagittis hendrerit ante. Morbi imperdiet, mauris ac auctor dictum, nisl ligula egestas nulla, et sollicitudin sem purus in lacus. Phasellus et lorem id felis nonummy placerat. Maecenas aliquet accumsan leo. Curabitur sagittis hendrerit ante. Aliquam erat volutpat. Donec ipsum massa, ullamcorper in, auctor et, scelerisque sed, est. Nullam justo enim, consectetuer nec, ullamcorper ac, vestibulum in, elit. Pellentesque sapien. Nulla non arcu lacinia neque faucibus fringilla. Nulla pulvinar eleifend sem. Integer tempor. Duis sapien nunc, commodo et, interdum suscipit, sollicitudin et, dolor. Quis autem vel eum iure reprehenderit qui in ea voluptate velit esse quam nihil molestiae consequatur, vel illum qui dolorem eum fugiat quo voluptas nulla pariatur? Proin pede metus, vulputate nec, fermentum fringilla, vehicula vitae, justo.\";s:12:\"idKategorija\";s:1:\"1\";}}}', 2, '2018-07-31 00:31:59', '2018-07-31 00:31:59'),
(41, 1, 'O:5:\"Korpa\":1:{s:12:\"nizProizvoda\";a:2:{i:0;O:8:\"Predmeti\":12:{s:6:\"fields\";s:45:\"idPredmeta,naziv,slika,cena,opis,idKategorija\";s:5:\"table\";s:8:\"predmeti\";s:14:\"preparedValues\";s:11:\"?,?,?,?,?,?\";s:10:\"primaryKey\";s:10:\"idPredmeta\";s:6:\"filter\";s:0:\"\";s:15:\"valuesForInsert\";a:0:{}s:10:\"idPredmeta\";s:1:\"1\";s:5:\"naziv\";s:15:\"PHP programming\";s:5:\"slika\";s:14:\"1532970508.png\";s:4:\"cena\";s:3:\"225\";s:4:\"opis\";s:2586:\"Lorem ipsum dolor sit amet, consectetur adipiscing elit. Praesent in purus ut sapien dapibus blandit. Aliquam vel fermentum urna, ut sagittis dolor. Aliquam fermentum elit pharetra, sagittis orci a, venenatis sem. Maecenas efficitur sem vitae consequat mattis. Sed semper dignissim est. Ut quis nibh facilisis leo rhoncus tincidunt. Nulla at eleifend orci. Suspendisse dolor massa, tincidunt at auctor quis, dapibus in turpis.Praesent et blandit dui. Nunc tempor varius nulla id suscipit. Aliquam luctus varius dictum. Suspendisse vel felis mi. Quisque et ex nec arcu fringilla feugiat id vel est. Fusce leo felis, aliquam sed nisl sed, gravida malesuada tellus. Nulla facilisi.Pellentesque mattis sit amet tortor ut finibus. Nullam lacus nunc, dignissim quis sodales gravida, tempor a libero. Donec interdum orci ac nisl egestas, eu semper est iaculis. Pellentesque id sem odio. Duis tortor lectus, lobortis sit amet justo mollis, suscipit porttitor elit. Morbi rutrum ultricies erat vel vulputate. Duis sit amet augue risus. Integer vitae mauris luctus, consequat nulla ut, molestie nibh. Integer pharetra sit amet lorem et bibendum. Vivamus laoreet sed dolor a ultricies.Morbi vitae ultricies lacus. Proin sit amet justo maximus, facilisis velit sed, congue purus. Quisque lobortis purus at ex blandit, vel tristique odio pulvinar. Nunc posuere, augue ac consequat tempor, turpis erat aliquam mauris, vel tincidunt ligula sapien ac est. Suspendisse lacus diam, feugiat laoreet vestibulum at, ultrices id magna. Aenean quis sem in orci luctus eleifend eu at turpis. Praesent iaculis dignissim eros ut tincidunt. Duis in lorem eu ligula laoreet fringilla. Phasellus sollicitudin lacus magna. Curabitur ac metus facilisis, semper dui quis, fringilla augue.Morbi eu lacus quis augue tincidunt mattis auctor vel orci. Nulla non augue suscipit, hendrerit nunc eu, tincidunt nisi. Vivamus pellentesque, felis ut convallis luctus, lacus lacus vestibulum eros, quis tempor est ex ut tortor. Donec est ex, iaculis placerat gravida et, luctus at ante. Etiam metus arcu, dapibus ut efficitur at, facilisis ac massa. Morbi at tortor felis. Suspendisse potenti. Vestibulum placerat neque nec venenatis bibendum. Nunc semper erat odio, in sagittis libero fringilla at. Donec at tincidunt est. Orci varius natoque penatibus et magnis dis parturient montes, nascetur ridiculus mus. In sit amet imperdiet tellus. Etiam sed nulla pellentesque, efficitur nibh facilisis, blandit enim. Pellentesque pretium ex ac lacus volutpat, non malesuada sapien pretium. Nunc vulputate est vel urna lobortis rhoncus.\";s:12:\"idKategorija\";s:1:\"1\";}i:1;O:8:\"Predmeti\":12:{s:6:\"fields\";s:45:\"idPredmeta,naziv,slika,cena,opis,idKategorija\";s:5:\"table\";s:8:\"predmeti\";s:14:\"preparedValues\";s:11:\"?,?,?,?,?,?\";s:10:\"primaryKey\";s:10:\"idPredmeta\";s:6:\"filter\";s:0:\"\";s:15:\"valuesForInsert\";a:0:{}s:10:\"idPredmeta\";s:1:\"2\";s:5:\"naziv\";s:16:\"Java programming\";s:5:\"slika\";s:14:\"1532634126.png\";s:4:\"cena\";s:3:\"336\";s:4:\"opis\";s:5037:\"Consectetuer adipiscing elit. Nam pede erat, porta eu, lobortis eget, tempus et, tellus. Etiam neque. Vivamus consequat lorem at nisl. Nullam non wisi a sem semper eleifend. Donec mattis libero eget urna. Duis pretium velit ac mauris. Proin eu wisi suscipit nulla suscipit interdum. Aenean lectus lorem, imperdiet at, ultrices eget, ornare et, wisi. Pellentesque adipiscing purus ac magna. Pellentesque habitant morbi tristique senectus et netus et malesuada fames ac turpis egestas.	Pellentesque pede. Donec pulvinar ullamcorper metus. In eu odio at lectus pulvinar mollis. Vestibulum sem magna, elementum ut, vestibulum eu, facilisis quis, arcu. Mauris a dolor. Nulla facilisi. Cum sociis natoque penatibus et magnis dis parturient montes, nascetur ridiculus mus. Sed blandit. Phasellus pellentesque, ante nec iaculis dapibus, eros justo auctor lectus, a lobortis lorem mauris quis nunc. Praesent pellentesque facilisis elit. Class aptent taciti sociosqu ad litora torquent per conubia nostra, per inceptos hymenaeos. In hac habitasse platea dictumst. Nullam id ante eget dui vulputate aliquam. Pellentesque erat erat, tincidunt in, eleifend accumsan, malesuada eget, augue. Suspendisse sit amet tellus in eros bibendum condimentum. Vestibulum suscipit volutpat nulla. Maecenas pede nisl, elementum eu, ornare ac, malesuada at, erat. Proin gravida orci porttitor enim accumsan lacinia. Donec condimentum, urna non molestie semper, ligula enim ornare nibh, quis laoreet eros quam eget ante. Aliquam libero. Vivamus nisl nibh, iaculis vitae, viverra sit amet, ullamcorper vitae, turpis. Aliquam erat volutpat. Vestibulum dui sem, pulvinar sed, imperdiet nec, iaculis nec, leo. Fusce odio. Etiam arcu dui, faucibus eget, placerat vel, sodales eget, orci. Donec ornare neque ac sem. Mauris aliquet. Aliquam sem leo, vulputate sed, convallis at, ultricies quis, justo. Donec nonummy magna quis risus. Quisque eleifend. Phasellus tempor vehicula justo. Aliquam lacinia metus ut elit. Suspendisse iaculis mauris nec lorem.Donec leo. Vivamus fermentum nibh in augue. Praesent a lacus at urna congue rutrum. Nulla enim eros, porttitor eu, tempus id, varius non, nibh. Duis enim nulla, luctus eu, dapibus lacinia, venenatis id, quam. Vestibulum imperdiet, magna nec eleifend rutrum, nunc lectus vestibulum velit, euismod lacinia quam nisl id lorem. Quisque erat. Vestibulum pellentesque, justo mollis pretium suscipit, justo nulla blandit libero, in blandit augue justo quis nisl. Fusce mattis viverra elit. Fusce quis tortor. Consectetuer adipiscing elit. Nam pede erat, porta eu, lobortis eget, tempus et, tellus. Etiam neque. Vivamus consequat lorem at nisl. Nullam non wisi a sem semper eleifend. Donec mattis libero eget urna. Duis pretium velit ac mauris. Proin eu wisi suscipit nulla suscipit interdum. Aenean lectus lorem, imperdiet at, ultrices eget, ornare et, wisi. Pellentesque adipiscing purus ac magna. Pellentesque habitant morbi tristique senectus et netus et malesuada fames ac turpis egestas.	Pellentesque pede. Donec pulvinar ullamcorper metus. In eu odio at lectus pulvinar mollis. Vestibulum sem magna, elementum ut, vestibulum eu, facilisis quis, arcu. Mauris a dolor. Nulla facilisi. Cum sociis natoque penatibus et magnis dis parturient montes, nascetur ridiculus mus. Sed blandit. Phasellus pellentesque, ante nec iaculis dapibus, eros justo auctor lectus, a lobortis lorem mauris quis nunc. Praesent pellentesque facilisis elit. Class aptent taciti sociosqu ad litora torquent per conubia nostra, per inceptos hymenaeos. In hac habitasse platea dictumst. Nullam id ante eget dui vulputate aliquam. Pellentesque erat erat, tincidunt in, eleifend accumsan, malesuada eget, augue. Suspendisse sit amet tellus in eros bibendum condimentum. Vestibulum suscipit volutpat nulla. Maecenas pede nisl, elementum eu, ornare ac, malesuada at, erat. Proin gravida orci porttitor enim accumsan lacinia. Donec condimentum, urna non molestie semper, ligula enim ornare nibh, quis laoreet eros quam eget ante. Aliquam libero. Vivamus nisl nibh, iaculis vitae, viverra sit amet, ullamcorper vitae, turpis. Aliquam erat volutpat. Vestibulum dui sem, pulvinar sed, imperdiet nec, iaculis nec, leo. Fusce odio. Etiam arcu dui, faucibus eget, placerat vel, sodales eget, orci. Donec ornare neque ac sem. Mauris aliquet. Aliquam sem leo, vulputate sed, convallis at, ultricies quis, justo. Donec nonummy magna quis risus. Quisque eleifend. Phasellus tempor vehicula justo. Aliquam lacinia metus ut elit. Suspendisse iaculis mauris nec lorem.Donec leo. Vivamus fermentum nibh in augue. Praesent a lacus at urna congue rutrum. Nulla enim eros, porttitor eu, tempus id, varius non, nibh. Duis enim nulla, luctus eu, dapibus lacinia, venenatis id, quam. Vestibulum imperdiet, magna nec eleifend rutrum, nunc lectus vestibulum velit, euismod lacinia quam nisl id lorem. Quisque erat. Vestibulum pellentesque, justo mollis pretium suscipit, justo nulla blandit libero, in blandit augue justo quis nisl. Fusce mattis viverra elit. Fusce quis tortor.\";s:12:\"idKategorija\";s:1:\"1\";}}}', 2, '2018-07-31 00:49:45', '2018-07-31 00:49:45'),
(42, 1, 'O:5:\"Korpa\":1:{s:12:\"nizProizvoda\";a:3:{i:0;O:8:\"Predmeti\":12:{s:6:\"fields\";s:45:\"idPredmeta,naziv,slika,cena,opis,idKategorija\";s:5:\"table\";s:8:\"predmeti\";s:14:\"preparedValues\";s:11:\"?,?,?,?,?,?\";s:10:\"primaryKey\";s:10:\"idPredmeta\";s:6:\"filter\";s:0:\"\";s:15:\"valuesForInsert\";a:0:{}s:10:\"idPredmeta\";s:1:\"1\";s:5:\"naziv\";s:15:\"PHP programming\";s:5:\"slika\";s:14:\"1532970508.png\";s:4:\"cena\";s:3:\"225\";s:4:\"opis\";s:2586:\"Lorem ipsum dolor sit amet, consectetur adipiscing elit. Praesent in purus ut sapien dapibus blandit. Aliquam vel fermentum urna, ut sagittis dolor. Aliquam fermentum elit pharetra, sagittis orci a, venenatis sem. Maecenas efficitur sem vitae consequat mattis. Sed semper dignissim est. Ut quis nibh facilisis leo rhoncus tincidunt. Nulla at eleifend orci. Suspendisse dolor massa, tincidunt at auctor quis, dapibus in turpis.Praesent et blandit dui. Nunc tempor varius nulla id suscipit. Aliquam luctus varius dictum. Suspendisse vel felis mi. Quisque et ex nec arcu fringilla feugiat id vel est. Fusce leo felis, aliquam sed nisl sed, gravida malesuada tellus. Nulla facilisi.Pellentesque mattis sit amet tortor ut finibus. Nullam lacus nunc, dignissim quis sodales gravida, tempor a libero. Donec interdum orci ac nisl egestas, eu semper est iaculis. Pellentesque id sem odio. Duis tortor lectus, lobortis sit amet justo mollis, suscipit porttitor elit. Morbi rutrum ultricies erat vel vulputate. Duis sit amet augue risus. Integer vitae mauris luctus, consequat nulla ut, molestie nibh. Integer pharetra sit amet lorem et bibendum. Vivamus laoreet sed dolor a ultricies.Morbi vitae ultricies lacus. Proin sit amet justo maximus, facilisis velit sed, congue purus. Quisque lobortis purus at ex blandit, vel tristique odio pulvinar. Nunc posuere, augue ac consequat tempor, turpis erat aliquam mauris, vel tincidunt ligula sapien ac est. Suspendisse lacus diam, feugiat laoreet vestibulum at, ultrices id magna. Aenean quis sem in orci luctus eleifend eu at turpis. Praesent iaculis dignissim eros ut tincidunt. Duis in lorem eu ligula laoreet fringilla. Phasellus sollicitudin lacus magna. Curabitur ac metus facilisis, semper dui quis, fringilla augue.Morbi eu lacus quis augue tincidunt mattis auctor vel orci. Nulla non augue suscipit, hendrerit nunc eu, tincidunt nisi. Vivamus pellentesque, felis ut convallis luctus, lacus lacus vestibulum eros, quis tempor est ex ut tortor. Donec est ex, iaculis placerat gravida et, luctus at ante. Etiam metus arcu, dapibus ut efficitur at, facilisis ac massa. Morbi at tortor felis. Suspendisse potenti. Vestibulum placerat neque nec venenatis bibendum. Nunc semper erat odio, in sagittis libero fringilla at. Donec at tincidunt est. Orci varius natoque penatibus et magnis dis parturient montes, nascetur ridiculus mus. In sit amet imperdiet tellus. Etiam sed nulla pellentesque, efficitur nibh facilisis, blandit enim. Pellentesque pretium ex ac lacus volutpat, non malesuada sapien pretium. Nunc vulputate est vel urna lobortis rhoncus.\";s:12:\"idKategorija\";s:1:\"1\";}i:1;O:8:\"Predmeti\":12:{s:6:\"fields\";s:45:\"idPredmeta,naziv,slika,cena,opis,idKategorija\";s:5:\"table\";s:8:\"predmeti\";s:14:\"preparedValues\";s:11:\"?,?,?,?,?,?\";s:10:\"primaryKey\";s:10:\"idPredmeta\";s:6:\"filter\";s:0:\"\";s:15:\"valuesForInsert\";a:0:{}s:10:\"idPredmeta\";s:1:\"2\";s:5:\"naziv\";s:16:\"Java programming\";s:5:\"slika\";s:14:\"1532634126.png\";s:4:\"cena\";s:3:\"336\";s:4:\"opis\";s:5037:\"Consectetuer adipiscing elit. Nam pede erat, porta eu, lobortis eget, tempus et, tellus. Etiam neque. Vivamus consequat lorem at nisl. Nullam non wisi a sem semper eleifend. Donec mattis libero eget urna. Duis pretium velit ac mauris. Proin eu wisi suscipit nulla suscipit interdum. Aenean lectus lorem, imperdiet at, ultrices eget, ornare et, wisi. Pellentesque adipiscing purus ac magna. Pellentesque habitant morbi tristique senectus et netus et malesuada fames ac turpis egestas.	Pellentesque pede. Donec pulvinar ullamcorper metus. In eu odio at lectus pulvinar mollis. Vestibulum sem magna, elementum ut, vestibulum eu, facilisis quis, arcu. Mauris a dolor. Nulla facilisi. Cum sociis natoque penatibus et magnis dis parturient montes, nascetur ridiculus mus. Sed blandit. Phasellus pellentesque, ante nec iaculis dapibus, eros justo auctor lectus, a lobortis lorem mauris quis nunc. Praesent pellentesque facilisis elit. Class aptent taciti sociosqu ad litora torquent per conubia nostra, per inceptos hymenaeos. In hac habitasse platea dictumst. Nullam id ante eget dui vulputate aliquam. Pellentesque erat erat, tincidunt in, eleifend accumsan, malesuada eget, augue. Suspendisse sit amet tellus in eros bibendum condimentum. Vestibulum suscipit volutpat nulla. Maecenas pede nisl, elementum eu, ornare ac, malesuada at, erat. Proin gravida orci porttitor enim accumsan lacinia. Donec condimentum, urna non molestie semper, ligula enim ornare nibh, quis laoreet eros quam eget ante. Aliquam libero. Vivamus nisl nibh, iaculis vitae, viverra sit amet, ullamcorper vitae, turpis. Aliquam erat volutpat. Vestibulum dui sem, pulvinar sed, imperdiet nec, iaculis nec, leo. Fusce odio. Etiam arcu dui, faucibus eget, placerat vel, sodales eget, orci. Donec ornare neque ac sem. Mauris aliquet. Aliquam sem leo, vulputate sed, convallis at, ultricies quis, justo. Donec nonummy magna quis risus. Quisque eleifend. Phasellus tempor vehicula justo. Aliquam lacinia metus ut elit. Suspendisse iaculis mauris nec lorem.Donec leo. Vivamus fermentum nibh in augue. Praesent a lacus at urna congue rutrum. Nulla enim eros, porttitor eu, tempus id, varius non, nibh. Duis enim nulla, luctus eu, dapibus lacinia, venenatis id, quam. Vestibulum imperdiet, magna nec eleifend rutrum, nunc lectus vestibulum velit, euismod lacinia quam nisl id lorem. Quisque erat. Vestibulum pellentesque, justo mollis pretium suscipit, justo nulla blandit libero, in blandit augue justo quis nisl. Fusce mattis viverra elit. Fusce quis tortor. Consectetuer adipiscing elit. Nam pede erat, porta eu, lobortis eget, tempus et, tellus. Etiam neque. Vivamus consequat lorem at nisl. Nullam non wisi a sem semper eleifend. Donec mattis libero eget urna. Duis pretium velit ac mauris. Proin eu wisi suscipit nulla suscipit interdum. Aenean lectus lorem, imperdiet at, ultrices eget, ornare et, wisi. Pellentesque adipiscing purus ac magna. Pellentesque habitant morbi tristique senectus et netus et malesuada fames ac turpis egestas.	Pellentesque pede. Donec pulvinar ullamcorper metus. In eu odio at lectus pulvinar mollis. Vestibulum sem magna, elementum ut, vestibulum eu, facilisis quis, arcu. Mauris a dolor. Nulla facilisi. Cum sociis natoque penatibus et magnis dis parturient montes, nascetur ridiculus mus. Sed blandit. Phasellus pellentesque, ante nec iaculis dapibus, eros justo auctor lectus, a lobortis lorem mauris quis nunc. Praesent pellentesque facilisis elit. Class aptent taciti sociosqu ad litora torquent per conubia nostra, per inceptos hymenaeos. In hac habitasse platea dictumst. Nullam id ante eget dui vulputate aliquam. Pellentesque erat erat, tincidunt in, eleifend accumsan, malesuada eget, augue. Suspendisse sit amet tellus in eros bibendum condimentum. Vestibulum suscipit volutpat nulla. Maecenas pede nisl, elementum eu, ornare ac, malesuada at, erat. Proin gravida orci porttitor enim accumsan lacinia. Donec condimentum, urna non molestie semper, ligula enim ornare nibh, quis laoreet eros quam eget ante. Aliquam libero. Vivamus nisl nibh, iaculis vitae, viverra sit amet, ullamcorper vitae, turpis. Aliquam erat volutpat. Vestibulum dui sem, pulvinar sed, imperdiet nec, iaculis nec, leo. Fusce odio. Etiam arcu dui, faucibus eget, placerat vel, sodales eget, orci. Donec ornare neque ac sem. Mauris aliquet. Aliquam sem leo, vulputate sed, convallis at, ultricies quis, justo. Donec nonummy magna quis risus. Quisque eleifend. Phasellus tempor vehicula justo. Aliquam lacinia metus ut elit. Suspendisse iaculis mauris nec lorem.Donec leo. Vivamus fermentum nibh in augue. Praesent a lacus at urna congue rutrum. Nulla enim eros, porttitor eu, tempus id, varius non, nibh. Duis enim nulla, luctus eu, dapibus lacinia, venenatis id, quam. Vestibulum imperdiet, magna nec eleifend rutrum, nunc lectus vestibulum velit, euismod lacinia quam nisl id lorem. Quisque erat. Vestibulum pellentesque, justo mollis pretium suscipit, justo nulla blandit libero, in blandit augue justo quis nisl. Fusce mattis viverra elit. Fusce quis tortor.\";s:12:\"idKategorija\";s:1:\"1\";}i:2;O:8:\"Predmeti\":12:{s:6:\"fields\";s:45:\"idPredmeta,naziv,slika,cena,opis,idKategorija\";s:5:\"table\";s:8:\"predmeti\";s:14:\"preparedValues\";s:11:\"?,?,?,?,?,?\";s:10:\"primaryKey\";s:10:\"idPredmeta\";s:6:\"filter\";s:0:\"\";s:15:\"valuesForInsert\";a:0:{}s:10:\"idPredmeta\";s:2:\"15\";s:5:\"naziv\";s:6:\"Movies\";s:5:\"slika\";s:11:\"photo_6.jpg\";s:4:\"cena\";s:3:\"778\";s:4:\"opis\";s:5569:\"Nulla turpis magna, cursus sit amet, suscipit a, interdum id, felis. In rutrum. Etiam egestas wisi a erat. Sed ac dolor sit amet purus malesuada congue. Fusce tellus odio, dapibus id fermentum quis, suscipit id erat. Integer pellentesque quam vel velit. Class aptent taciti sociosqu ad litora torquent per conubia nostra, per inceptos hymenaeos. Mauris suscipit, ligula sit amet pharetra semper, nibh ante cursus purus, vel sagittis velit mauris vel metus. Etiam commodo dui eget wisi. Aenean fermentum risus id tortor. Mauris suscipit, ligula sit amet pharetra semper, nibh ante cursus purus, vel sagittis velit mauris vel metus. Praesent vitae arcu tempor neque lacinia pretium. Fusce wisi. Nam libero tempore, cum soluta nobis est eligendi optio cumque nihil impedit quo minus id quod maxime placeat facere possimus, omnis voluptas assumenda est, omnis dolor repellendus. Duis aute irure dolor in reprehenderit in voluptate velit esse cillum dolore eu fugiat nulla pariatur. Quisque porta. Duis ante orci, molestie vitae vehicula venenatis, tincidunt ac pede. Suspendisse nisl.\r\n\r\nAliquam erat volutpat. In rutrum. Nulla turpis magna, cursus sit amet, suscipit a, interdum id, felis. Excepteur sint occaecat cupidatat non proident, sunt in culpa qui officia deserunt mollit anim id est laborum. Mauris suscipit, ligula sit amet pharetra semper, nibh ante cursus purus, vel sagittis velit mauris vel metus. Donec iaculis gravida nulla. Nulla pulvinar eleifend sem. Suspendisse sagittis ultrices augue. Pellentesque pretium lectus id turpis. Integer tempor. Nullam at arcu a est sollicitudin euismod. Nullam dapibus fermentum ipsum. Nulla est. Curabitur vitae diam non enim vestibulum interdum. Vestibulum fermentum tortor id mi. Mauris suscipit, ligula sit amet pharetra semper, nibh ante cursus purus, vel sagittis velit mauris vel metus.\r\n\r\nNam quis nulla. Curabitur sagittis hendrerit ante. Morbi imperdiet, mauris ac auctor dictum, nisl ligula egestas nulla, et sollicitudin sem purus in lacus. Phasellus et lorem id felis nonummy placerat. Maecenas aliquet accumsan leo. Curabitur sagittis hendrerit ante. Aliquam erat volutpat. Donec ipsum massa, ullamcorper in, auctor et, scelerisque sed, est. Nullam justo enim, consectetuer nec, ullamcorper ac, vestibulum in, elit. Pellentesque sapien. Nulla non arcu lacinia neque faucibus fringilla. Nulla pulvinar eleifend sem. Integer tempor. Duis sapien nunc, commodo et, interdum suscipit, sollicitudin et, dolor. Quis autem vel eum iure reprehenderit qui in ea voluptate velit esse quam nihil molestiae consequatur, vel illum qui dolorem eum fugiat quo voluptas nulla pariatur? Proin pede metus, vulputate nec, fermentum fringilla, vehicula vitae, justo.\r\n\r\nCurabitur bibendum justo non orci. Quis autem vel eum iure reprehenderit qui in ea voluptate velit esse quam nihil molestiae consequatur, vel illum qui dolorem eum fugiat quo voluptas nulla pariatur? Nullam eget nisl. Duis pulvinar. Praesent id justo in neque elementum ultrices. Fusce tellus odio, dapibus id fermentum quis, suscipit id erat. Ut enim ad minim veniam, quis nostrud exercitation ullamco laboris nisi ut aliquip ex ea commodo consequat. In laoreet, magna id viverra tincidunt, sem odio bibendum justo, vel imperdiet sapien wisi sed libero. Quisque porta. Nam libero tempore, cum soluta nobis est eligendi optio cumque nihil impedit quo minus id quod maxime placeat facere possimus, omnis voluptas assumenda est, omnis dolor repellendus. Cum sociis natoque penatibus et magnis dis parturient montes, nascetur ridiculus mus. Etiam commodo dui eget wisi. Fusce suscipit libero eget elit. Praesent vitae arcu tempor neque lacinia pretium. Cras elementum.\r\n\r\nDuis viverra diam non justo. In enim a arcu imperdiet malesuada. Class aptent taciti sociosqu ad litora torquent per conubia nostra, per inceptos hymenaeos. Etiam bibendum elit eget erat. Curabitur vitae diam non enim vestibulum interdum. Maecenas libero. Nullam lectus justo, vulputate eget mollis sed, tempor sed magna. Fusce nibh. Cum sociis natoque penatibus et magnis dis parturient montes, nascetur ridiculus mus. Nulla turpis magna, cursus sit amet, suscipit a, interdum id, felis. Aliquam ante. Curabitur vitae diam non enim vestibulum interdum. Ut tempus purus at lorem. Praesent in mauris eu tortor porttitor accumsan. Aliquam erat volutpat.\r\n\r\nNunc dapibus tortor vel mi dapibus sollicitudin. Sed vel lectus. Donec odio tempus molestie, porttitor ut, iaculis quis, sem. Suspendisse sagittis ultrices augue. Quisque porta. Nullam eget nisl. Etiam sapien elit, consequat eget, tristique non, venenatis quis, ante. Mauris suscipit, ligula sit amet pharetra semper, nibh ante cursus purus, vel sagittis velit mauris vel metus. Nullam sapien sem, ornare ac, nonummy non, lobortis a enim. Curabitur sagittis hendrerit ante. Integer lacinia. Nullam lectus justo, vulputate eget mollis sed, tempor sed magna.\r\n\r\nPhasellus enim erat, vestibulum vel, aliquam a, posuere eu, velit. Fusce tellus odio, dapibus id fermentum quis, suscipit id erat. Pellentesque ipsum. Nullam eget nisl. Fusce consectetuer risus a nunc. Nullam justo enim, consectetuer nec, ullamcorper ac, vestibulum in, elit. Proin mattis lacinia justo. In sem justo, commodo ut, suscipit at, pharetra vitae, orci. Pellentesque habitant morbi tristique senectus et netus et malesuada fames ac turpis egestas. Nullam at arcu a est sollicitudin euismod. Aenean vel massa quis mauris vehicula lacinia. Suspendisse sagittis ultrices augue. Duis viverra diam non justo. Mauris dictum facilisis augue. Donec iaculis gravida nulla.\";s:12:\"idKategorija\";s:1:\"5\";}}}', 2, '2018-08-01 18:48:37', '2018-08-01 18:48:37');
INSERT INTO `basket` (`idBasket`, `idUser`, `content`, `status`, `datum`, `datumPorudzbine`) VALUES
(43, 1, 'O:5:\"Korpa\":1:{s:12:\"nizProizvoda\";a:1:{i:0;O:8:\"Predmeti\":12:{s:6:\"fields\";s:45:\"idPredmeta,naziv,slika,cena,opis,idKategorija\";s:5:\"table\";s:8:\"predmeti\";s:14:\"preparedValues\";s:11:\"?,?,?,?,?,?\";s:10:\"primaryKey\";s:10:\"idPredmeta\";s:6:\"filter\";s:0:\"\";s:15:\"valuesForInsert\";a:0:{}s:10:\"idPredmeta\";s:1:\"1\";s:5:\"naziv\";s:15:\"PHP programming\";s:5:\"slika\";s:14:\"1532970508.png\";s:4:\"cena\";s:3:\"225\";s:4:\"opis\";s:2586:\"Lorem ipsum dolor sit amet, consectetur adipiscing elit. Praesent in purus ut sapien dapibus blandit. Aliquam vel fermentum urna, ut sagittis dolor. Aliquam fermentum elit pharetra, sagittis orci a, venenatis sem. Maecenas efficitur sem vitae consequat mattis. Sed semper dignissim est. Ut quis nibh facilisis leo rhoncus tincidunt. Nulla at eleifend orci. Suspendisse dolor massa, tincidunt at auctor quis, dapibus in turpis.Praesent et blandit dui. Nunc tempor varius nulla id suscipit. Aliquam luctus varius dictum. Suspendisse vel felis mi. Quisque et ex nec arcu fringilla feugiat id vel est. Fusce leo felis, aliquam sed nisl sed, gravida malesuada tellus. Nulla facilisi.Pellentesque mattis sit amet tortor ut finibus. Nullam lacus nunc, dignissim quis sodales gravida, tempor a libero. Donec interdum orci ac nisl egestas, eu semper est iaculis. Pellentesque id sem odio. Duis tortor lectus, lobortis sit amet justo mollis, suscipit porttitor elit. Morbi rutrum ultricies erat vel vulputate. Duis sit amet augue risus. Integer vitae mauris luctus, consequat nulla ut, molestie nibh. Integer pharetra sit amet lorem et bibendum. Vivamus laoreet sed dolor a ultricies.Morbi vitae ultricies lacus. Proin sit amet justo maximus, facilisis velit sed, congue purus. Quisque lobortis purus at ex blandit, vel tristique odio pulvinar. Nunc posuere, augue ac consequat tempor, turpis erat aliquam mauris, vel tincidunt ligula sapien ac est. Suspendisse lacus diam, feugiat laoreet vestibulum at, ultrices id magna. Aenean quis sem in orci luctus eleifend eu at turpis. Praesent iaculis dignissim eros ut tincidunt. Duis in lorem eu ligula laoreet fringilla. Phasellus sollicitudin lacus magna. Curabitur ac metus facilisis, semper dui quis, fringilla augue.Morbi eu lacus quis augue tincidunt mattis auctor vel orci. Nulla non augue suscipit, hendrerit nunc eu, tincidunt nisi. Vivamus pellentesque, felis ut convallis luctus, lacus lacus vestibulum eros, quis tempor est ex ut tortor. Donec est ex, iaculis placerat gravida et, luctus at ante. Etiam metus arcu, dapibus ut efficitur at, facilisis ac massa. Morbi at tortor felis. Suspendisse potenti. Vestibulum placerat neque nec venenatis bibendum. Nunc semper erat odio, in sagittis libero fringilla at. Donec at tincidunt est. Orci varius natoque penatibus et magnis dis parturient montes, nascetur ridiculus mus. In sit amet imperdiet tellus. Etiam sed nulla pellentesque, efficitur nibh facilisis, blandit enim. Pellentesque pretium ex ac lacus volutpat, non malesuada sapien pretium. Nunc vulputate est vel urna lobortis rhoncus.\";s:12:\"idKategorija\";s:1:\"1\";}}}', 2, '2018-08-02 15:08:08', '2018-08-02 15:08:08'),
(44, 3, 'O:5:\"Korpa\":1:{s:12:\"nizProizvoda\";a:4:{i:0;O:8:\"Predmeti\":12:{s:6:\"fields\";s:45:\"idPredmeta,naziv,slika,cena,opis,idKategorija\";s:5:\"table\";s:8:\"predmeti\";s:14:\"preparedValues\";s:11:\"?,?,?,?,?,?\";s:10:\"primaryKey\";s:10:\"idPredmeta\";s:6:\"filter\";s:0:\"\";s:15:\"valuesForInsert\";a:0:{}s:10:\"idPredmeta\";s:1:\"5\";s:5:\"naziv\";s:10:\"Lep_Dizajn\";s:5:\"slika\";s:14:\"1532709494.png\";s:4:\"cena\";s:3:\"108\";s:4:\"opis\";s:4003:\"Lorem ipsum dolor sit amet, consectetuer adipiscing elit. Integer malesuada. Pellentesque ipsum. Aliquam erat volutpat. Duis pulvinar. Donec iaculis gravida nulla. Et harum quidem rerum facilis est et expedita distinctio. Duis viverra diam non justo. Donec quis nibh at felis congue commodo. Vivamus porttitor turpis ac leo. Excepteur sint occaecat cupidatat non proident, sunt in culpa qui officia deserunt mollit anim id est laborum. Aliquam in lorem sit amet leo accumsan lacinia. Maecenas ipsum velit, consectetuer eu lobortis ut, dictum at dui. Mauris dictum facilisis augue. Nullam rhoncus aliquam metus.\r\n\r\nFusce nibh. Mauris dolor felis, sagittis at, luctus sed, aliquam non, tellus. Integer malesuada. Aenean placerat. Sed convallis magna eu sem. Proin mattis lacinia justo. Praesent in mauris eu tortor porttitor accumsan. Aliquam ante. Suspendisse nisl. Nulla non arcu lacinia neque faucibus fringilla. Duis risus. Aliquam id dolor. Nunc tincidunt ante vitae massa. Vivamus luctus egestas leo. Duis pulvinar. Duis aute irure dolor in reprehenderit in voluptate velit esse cillum dolore eu fugiat nulla pariatur. Nullam feugiat, turpis at pulvinar vulputate, erat libero tristique tellus, nec bibendum odio risus sit amet ante. Phasellus faucibus molestie nisl. Etiam neque.\r\n\r\nNulla turpis magna, cursus sit amet, suscipit a, interdum id, felis. In rutrum. Etiam egestas wisi a erat. Sed ac dolor sit amet purus malesuada congue. Fusce tellus odio, dapibus id fermentum quis, suscipit id erat. Integer pellentesque quam vel velit. Class aptent taciti sociosqu ad litora torquent per conubia nostra, per inceptos hymenaeos. Mauris suscipit, ligula sit amet pharetra semper, nibh ante cursus purus, vel sagittis velit mauris vel metus. Etiam commodo dui eget wisi. Aenean fermentum risus id tortor. Mauris suscipit, ligula sit amet pharetra semper, nibh ante cursus purus, vel sagittis velit mauris vel metus. Praesent vitae arcu tempor neque lacinia pretium. Fusce wisi. Nam libero tempore, cum soluta nobis est eligendi optio cumque nihil impedit quo minus id quod maxime placeat facere possimus, omnis voluptas assumenda est, omnis dolor repellendus. Duis aute irure dolor in reprehenderit in voluptate velit esse cillum dolore eu fugiat nulla pariatur. Quisque porta. Duis ante orci, molestie vitae vehicula venenatis, tincidunt ac pede. Suspendisse nisl.\r\n\r\nAliquam erat volutpat. In rutrum. Nulla turpis magna, cursus sit amet, suscipit a, interdum id, felis. Excepteur sint occaecat cupidatat non proident, sunt in culpa qui officia deserunt mollit anim id est laborum. Mauris suscipit, ligula sit amet pharetra semper, nibh ante cursus purus, vel sagittis velit mauris vel metus. Donec iaculis gravida nulla. Nulla pulvinar eleifend sem. Suspendisse sagittis ultrices augue. Pellentesque pretium lectus id turpis. Integer tempor. Nullam at arcu a est sollicitudin euismod. Nullam dapibus fermentum ipsum. Nulla est. Curabitur vitae diam non enim vestibulum interdum. Vestibulum fermentum tortor id mi. Mauris suscipit, ligula sit amet pharetra semper, nibh ante cursus purus, vel sagittis velit mauris vel metus.\r\n\r\nNam quis nulla. Curabitur sagittis hendrerit ante. Morbi imperdiet, mauris ac auctor dictum, nisl ligula egestas nulla, et sollicitudin sem purus in lacus. Phasellus et lorem id felis nonummy placerat. Maecenas aliquet accumsan leo. Curabitur sagittis hendrerit ante. Aliquam erat volutpat. Donec ipsum massa, ullamcorper in, auctor et, scelerisque sed, est. Nullam justo enim, consectetuer nec, ullamcorper ac, vestibulum in, elit. Pellentesque sapien. Nulla non arcu lacinia neque faucibus fringilla. Nulla pulvinar eleifend sem. Integer tempor. Duis sapien nunc, commodo et, interdum suscipit, sollicitudin et, dolor. Quis autem vel eum iure reprehenderit qui in ea voluptate velit esse quam nihil molestiae consequatur, vel illum qui dolorem eum fugiat quo voluptas nulla pariatur? Proin pede metus, vulputate nec, fermentum fringilla, vehicula vitae, justo.BÄeeeee\";s:12:\"idKategorija\";s:1:\"1\";}i:1;O:8:\"Predmeti\":12:{s:6:\"fields\";s:45:\"idPredmeta,naziv,slika,cena,opis,idKategorija\";s:5:\"table\";s:8:\"predmeti\";s:14:\"preparedValues\";s:11:\"?,?,?,?,?,?\";s:10:\"primaryKey\";s:10:\"idPredmeta\";s:6:\"filter\";s:0:\"\";s:15:\"valuesForInsert\";a:0:{}s:10:\"idPredmeta\";s:1:\"6\";s:5:\"naziv\";s:16:\"Moderan_Dizajn12\";s:5:\"slika\";s:14:\"1532958350.png\";s:4:\"cena\";s:3:\"199\";s:4:\"opis\";s:6179:\"Lorem ipsum dolor sit amet, consectetuer adipiscing elit. Integer malesuada. Pellentesque ipsum. Aliquam erat volutpat. Duis pulvinar. Donec iaculis gravida nulla. Et harum quidem rerum facilis est et expedita distinctio. Duis viverra diam non justo. Donec quis nibh at felis congue commodo. Vivamus porttitor turpis ac leo. Excepteur sint occaecat cupidatat non proident, sunt in culpa qui officia deserunt mollit anim id est laborum. Aliquam in lorem sit amet leo accumsan lacinia. Maecenas ipsum velit, consectetuer eu lobortis ut, dictum at dui. Mauris dictum facilisis augue. Nullam rhoncus aliquam metus.\r\n\r\nFusce nibh. Mauris dolor felis, sagittis at, luctus sed, aliquam non, tellus. Integer malesuada. Aenean placerat. Sed convallis magna eu sem. Proin mattis lacinia justo. Praesent in mauris eu tortor porttitor accumsan. Aliquam ante. Suspendisse nisl. Nulla non arcu lacinia neque faucibus fringilla. Duis risus. Aliquam id dolor. Nunc tincidunt ante vitae massa. Vivamus luctus egestas leo. Duis pulvinar. Duis aute irure dolor in reprehenderit in voluptate velit esse cillum dolore eu fugiat nulla pariatur. Nullam feugiat, turpis at pulvinar vulputate, erat libero tristique tellus, nec bibendum odio risus sit amet ante. Phasellus faucibus molestie nisl. Etiam neque.\r\n\r\nNulla turpis magna, cursus sit amet, suscipit a, interdum id, felis. In rutrum. Etiam egestas wisi a erat. Sed ac dolor sit amet purus malesuada congue. Fusce tellus odio, dapibus id fermentum quis, suscipit id erat. Integer pellentesque quam vel velit. Class aptent taciti sociosqu ad litora torquent per conubia nostra, per inceptos hymenaeos. Mauris suscipit, ligula sit amet pharetra semper, nibh ante cursus purus, vel sagittis velit mauris vel metus. Etiam commodo dui eget wisi. Aenean fermentum risus id tortor. Mauris suscipit, ligula sit amet pharetra semper, nibh ante cursus purus, vel sagittis velit mauris vel metus. Praesent vitae arcu tempor neque lacinia pretium. Fusce wisi. Nam libero tempore, cum soluta nobis est eligendi optio cumque nihil impedit quo minus id quod maxime placeat facere possimus, omnis voluptas assumenda est, omnis dolor repellendus. Duis aute irure dolor in reprehenderit in voluptate velit esse cillum dolore eu fugiat nulla pariatur. Quisque porta. Duis ante orci, molestie vitae vehicula venenatis, tincidunt ac pede. Suspendisse nisl.\r\n\r\nAliquam erat volutpat. In rutrum. Nulla turpis magna, cursus sit amet, suscipit a, interdum id, felis. Excepteur sint occaecat cupidatat non proident, sunt in culpa qui officia deserunt mollit anim id est laborum. Mauris suscipit, ligula sit amet pharetra semper, nibh ante cursus purus, vel sagittis velit mauris vel metus. Donec iaculis gravida nulla. Nulla pulvinar eleifend sem. Suspendisse sagittis ultrices augue. Pellentesque pretium lectus id turpis. Integer tempor. Nullam at arcu a est sollicitudin euismod. Nullam dapibus fermentum ipsum. Nulla est. Curabitur vitae diam non enim vestibulum interdum. Vestibulum fermentum tortor id mi. Mauris suscipit, ligula sit amet pharetra semper, nibh ante cursus purus, vel sagittis velit mauris vel metus.\r\n\r\nNam quis nulla. Curabitur sagittis hendrerit ante. Morbi imperdiet, mauris ac auctor dictum, nisl ligula egestas nulla, et sollicitudin sem purus in lacus. Phasellus et lorem id felis nonummy placerat. Maecenas aliquet accumsan leo. Curabitur sagittis hendrerit ante. Aliquam erat volutpat. Donec ipsum massa, ullamcorper in, auctor et, scelerisque sed, est. Nullam justo enim, consectetuer nec, ullamcorper ac, vestibulum in, elit. Pellentesque sapien. Nulla non arcu lacinia neque faucibus fringilla. Nulla pulvinar eleifend sem. Integer tempor. Duis sapien nunc, commodo et, interdum suscipit, sollicitudin et, dolor. Quis autem vel eum iure reprehenderit qui in ea voluptate velit esse quam nihil molestiae consequatur, vel illum qui dolorem eum fugiat quo voluptas nulla pariatur? Proin pede metus, vulputate nec, fermentum fringilla, vehicula vitae, justo.\r\n\r\nCurabitur bibendum justo non orci. Quis autem vel eum iure reprehenderit qui in ea voluptate velit esse quam nihil molestiae consequatur, vel illum qui dolorem eum fugiat quo voluptas nulla pariatur? Nullam eget nisl. Duis pulvinar. Praesent id justo in neque elementum ultrices. Fusce tellus odio, dapibus id fermentum quis, suscipit id erat. Ut enim ad minim veniam, quis nostrud exercitation ullamco laboris nisi ut aliquip ex ea commodo consequat. In laoreet, magna id viverra tincidunt, sem odio bibendum justo, vel imperdiet sapien wisi sed libero. Quisque porta. Nam libero tempore, cum soluta nobis est eligendi optio cumque nihil impedit quo minus id quod maxime placeat facere possimus, omnis voluptas assumenda est, omnis dolor repellendus. Cum sociis natoque penatibus et magnis dis parturient montes, nascetur ridiculus mus. Etiam commodo dui eget wisi. Fusce suscipit libero eget elit. Praesent vitae arcu tempor neque lacinia pretium. Cras elementum.\r\n\r\nDuis viverra diam non justo. In enim a arcu imperdiet malesuada. Class aptent taciti sociosqu ad litora torquent per conubia nostra, per inceptos hymenaeos. Etiam bibendum elit eget erat. Curabitur vitae diam non enim vestibulum interdum. Maecenas libero. Nullam lectus justo, vulputate eget mollis sed, tempor sed magna. Fusce nibh. Cum sociis natoque penatibus et magnis dis parturient montes, nascetur ridiculus mus. Nulla turpis magna, cursus sit amet, suscipit a, interdum id, felis. Aliquam ante. Curabitur vitae diam non enim vestibulum interdum. Ut tempus purus at lorem. Praesent in mauris eu tortor porttitor accumsan. Aliquam erat volutpat.\r\n\r\nNunc dapibus tortor vel mi dapibus sollicitudin. Sed vel lectus. Donec odio tempus molestie, porttitor ut, iaculis quis, sem. Suspendisse sagittis ultrices augue. Quisque porta. Nullam eget nisl. Etiam sapien elit, consequat eget, tristique non, venenatis quis, ante. Mauris suscipit, ligula sit amet pharetra semper, nibh ante cursus purus, vel sagittis velit mauris vel metus. Nullam sapien sem, ornare ac, nonummy non, lobortis a enim. Curabitur sagittis hendrerit ante. Integer lacinia. Nullam lectus justo, vulputate eget mollis sed, tempor sed magna.\";s:12:\"idKategorija\";s:1:\"1\";}i:2;O:8:\"Predmeti\":12:{s:6:\"fields\";s:45:\"idPredmeta,naziv,slika,cena,opis,idKategorija\";s:5:\"table\";s:8:\"predmeti\";s:14:\"preparedValues\";s:11:\"?,?,?,?,?,?\";s:10:\"primaryKey\";s:10:\"idPredmeta\";s:6:\"filter\";s:0:\"\";s:15:\"valuesForInsert\";a:0:{}s:10:\"idPredmeta\";s:1:\"2\";s:5:\"naziv\";s:19:\"Java programming345\";s:5:\"slika\";s:14:\"1532634126.png\";s:4:\"cena\";s:3:\"334\";s:4:\"opis\";s:4958:\"Consectetuer adipiscing elit. Nam pede erat, porta eu, lobortis eget, tempus et, tellus. Etiam neque. Vivamus consequat lorem at nisl. Nullam non wisi a sem semper eleifend. Donec mattis libero eget urna. Duis pretium velit ac mauris. Proin eu wisi suscipit nulla suscipit interdum. Aenean lectus lorem, imperdiet at, ultrices eget, ornare et, wisi. Pellentesque adipiscing purus ac magna. Pellentesque habitant morbi tristique senectus et netus et malesuada fames ac turpis egestas.	Pellentesque pede. Donec pulvinar ullamcorper metus. In eu odio at lectus pulvinar mollis. Vestibulum sem magna, elementum ut, vestibulum eu, facilisis quis, arcu. Mauris a dolor. Nulla facilisi. Cum sociis natoque penatibus et magnis dis parturient montes, nascetur ridiculus mus. Sed blandit. Phasellus pellentesque, ante nec iaculis dapibus, eros justo auctor lectus, a lobortis lorem mauris quis nunc. Praesent pellentesque facilisis elit. Class aptent taciti sociosqu ad litora torquent per conubia nostra, per inceptos hymenaeos. In hac habitasse platea dictumst. Nullam id ante eget dui vulputate aliquam. Pellentesque erat erat, tincidunt in, eleifend accumsan, malesuada eget, augue. Suspendisse sit amet tellus in eros bibendum condimentum. Vestibulum suscipit volutpat nulla. Maecenas pede nisl, elementum eu, ornare ac, malesuada at, erat. Proin gravida orci porttitor enim accumsan lacinia. Donec condimentum, urna non molestie semper, ligula enim ornare nibh, quis laoreet eros quam eget ante. Aliquam libero. Vivamus nisl nibh, iaculis vitae, viverra sit amet, ullamcorper vitae, turpis. Aliquam erat volutpat. Vestibulum dui sem, pulvinar sed, imperdiet nec, iaculis nec, leo. Fusce odio. Etiam arcu dui, faucibus eget, placerat vel, sodales eget, orci. Donec ornare neque ac sem. Mauris aliquet. Aliquam sem leo, vulputate sed, convallis at, ultricies quis, justo. Donec nonummy magna quis risus. Quisque eleifend. Phasellus tempor vehicula justo. Aliquam lacinia metus ut elit. Suspendisse iaculis mauris nec lorem.Donec leo. Vivamus fermentum nibh in augue. Praesent a lacus at urna congue rutrum. Nulla enim eros, porttitor eu, tempus id, varius non, nibh. Duis enim nulla, luctus eu, dapibus lacinia, venenatis id, quam. Vestibulum imperdiet, magna nec eleifend rutrum, nunc lectus vestibulum velit, euismod lacinia quam nisl id lorem. Quisque erat. Vestibulum pellentesque, justo mollis pretium suscipit, justo nulla blandit libero, in blandit augue justo quis nisl. Fusce mattis viverra elit. Fusce quis tortor. Consectetuer adipiscing elit. Nam pede erat, porta eu, lobortis eget, tempus et, tellus. Etiam neque. Vivamus consequat lorem at nisl. Nullam non wisi a sem semper eleifend. Donec mattis libero eget urna. Duis pretium velit ac mauris. Proin eu wisi suscipit nulla suscipit interdum. Aenean lectus lorem, imperdiet at, ultrices eget, ornare et, wisi. Pellentesque adipiscing purus ac magna. Pellentesque habitant morbi tristique senectus et netus et malesuada fames ac turpis egestas.	Pellentesque pede. Donec pulvinar ullamcorper metus. In eu odio at lectus pulvinar mollis. Vestibulum sem magna, elementum ut, vestibulum eu, facilisis quis, arcu. Mauris a dolor. Nulla facilisi. Cum sociis natoque penatibus et magnis dis parturient montes, nascetur ridiculus mus. Sed blandit. Phasellus pellentesque, ante nec iaculis dapibus, eros justo auctor lectus, a lobortis lorem mauris quis nunc. Praesent pellentesque facilisis elit. Class aptent taciti sociosqu ad litora torquent per conubia nostra, per inceptos hymenaeos. In hac habitasse platea dictumst. Nullam id ante eget dui vulputate aliquam. Pellentesque erat erat, tincidunt in, eleifend accumsan, malesuada eget, augue. Suspendisse sit amet tellus in eros bibendum condimentum. Vestibulum suscipit volutpat nulla. Maecenas pede nisl, elementum eu, ornare ac, malesuada at, erat. Proin gravida orci porttitor enim accumsan lacinia. Donec condimentum, urna non molestie semper, ligula enim ornare nibh, quis laoreet eros quam eget ante. Aliquam libero. Vivamus nisl nibh, iaculis vitae, viverra sit amet, ullamcorper vitae, turpis. Aliquam erat volutpat. Vestibulum dui sem, pulvinar sed, imperdiet nec, iaculis nec, leo. Fusce odio. Etiam arcu dui, faucibus eget, placerat vel, sodales eget, orci. Donec ornare neque ac sem. Mauris aliquet. Aliquam sem leo, vulputate sed, convallis at, ultricies quis, justo. Donec nonummy magna quis risus. Quisque eleifend. Phasellus tempor vehicula justo. Aliquam lacinia metus ut elit. Suspendisse iaculis mauris nec lorem.Donec leo. Vivamus fermentum nibh in augue. Praesent a lacus at urna congue rutrum. Nulla enim eros, porttitor eu, tempus id, varius non, nibh. Duis enim nulla, luctus eu, dapibus lacinia, venenatis id, quam. Vestibulum imperdiet, magna nec eleifend rutrum, nunc lectus vestibulum velit, euismod lacinia quam nisl id lorem. Quisque erat. Vestibulum pellentesque, justo mollis pretium suscipit, justo nulla blandit libero, \";s:12:\"idKategorija\";s:1:\"1\";}i:3;O:8:\"Predmeti\":12:{s:6:\"fields\";s:45:\"idPredmeta,naziv,slika,cena,opis,idKategorija\";s:5:\"table\";s:8:\"predmeti\";s:14:\"preparedValues\";s:11:\"?,?,?,?,?,?\";s:10:\"primaryKey\";s:10:\"idPredmeta\";s:6:\"filter\";s:0:\"\";s:15:\"valuesForInsert\";a:0:{}s:10:\"idPredmeta\";s:1:\"7\";s:5:\"naziv\";s:9:\"WordPress\";s:5:\"slika\";s:11:\"photo_6.jpg\";s:4:\"cena\";s:2:\"72\";s:4:\"opis\";s:4175:\"Duis viverra diam non justo. In enim a arcu imperdiet malesuada. Class aptent taciti sociosqu ad litora torquent per conubia nostra, per inceptos hymenaeos. Etiam bibendum elit eget erat. Curabitur vitae diam non enim vestibulum interdum. Maecenas libero. Nullam lectus justo, vulputate eget mollis sed, tempor sed magna. Fusce nibh. Cum sociis natoque penatibus et magnis dis parturient montes, nascetur ridiculus mus. Nulla turpis magna, cursus sit amet, suscipit a, interdum id, felis. Aliquam ante. Curabitur vitae diam non enim vestibulum interdum. Ut tempus purus at lorem. Praesent in mauris eu tortor porttitor accumsan. Aliquam erat volutpat.\r\n\r\nNunc dapibus tortor vel mi dapibus sollicitudin. Sed vel lectus. Donec odio tempus molestie, porttitor ut, iaculis quis, sem. Suspendisse sagittis ultrices augue. Quisque porta. Nullam eget nisl. Etiam sapien elit, consequat eget, tristique non, venenatis quis, ante. Mauris suscipit, ligula sit amet pharetra semper, nibh ante cursus purus, vel sagittis velit mauris vel metus. Nullam sapien sem, ornare ac, nonummy non, lobortis a enim. Curabitur sagittis hendrerit ante. Integer lacinia. Nullam lectus justo, vulputate eget mollis sed, tempor sed magna.\r\n\r\nPhasellus enim erat, vestibulum vel, aliquam a, posuere eu, velit. Fusce tellus odio, dapibus id fermentum quis, suscipit id erat. Pellentesque ipsum. Nullam eget nisl. Fusce consectetuer risus a nunc. Nullam justo enim, consectetuer nec, ullamcorper ac, vestibulum in, elit. Proin mattis lacinia justo. In sem justo, commodo ut, suscipit at, pharetra vitae, orci. Pellentesque habitant morbi tristique senectus et netus et malesuada fames ac turpis egestas. Nullam at arcu a est sollicitudin euismod. Aenean vel massa quis mauris vehicula lacinia. Suspendisse sagittis ultrices augue. Duis viverra diam non justo. Mauris dictum facilisis augue. Donec iaculis gravida nulla.\r\n\r\nNemo enim ipsam voluptatem quia voluptas sit aspernatur aut odit aut fugit, sed quia consequuntur magni dolores eos qui ratione voluptatem sequi nesciunt. Nulla non lectus sed nisl molestie malesuada. Suspendisse nisl. Ut tempus purus at lorem. Quisque tincidunt scelerisque libero. Maecenas fermentum, sem in pharetra pellentesque, velit turpis volutpat ante, in pharetra metus odio a lectus. Nulla non arcu lacinia neque faucibus fringilla. Mauris metus. Nullam lectus justo, vulputate eget mollis sed, tempor sed magna. Sed vel lectus. Donec odio tempus molestie, porttitor ut, iaculis quis, sem. Phasellus enim erat, vestibulum vel, aliquam a, posuere eu, velit. Fusce aliquam vestibulum ipsum. Nulla turpis magna, cursus sit amet, suscipit a, interdum id, felis. Class aptent taciti sociosqu ad litora torquent per conubia nostra, per inceptos hymenaeos. Curabitur sagittis hendrerit ante. Praesent dapibus.\r\n\r\nMauris tincidunt sem sed arcu. In sem justo, commodo ut, suscipit at, pharetra vitae, orci. Mauris tincidunt sem sed arcu. Nullam rhoncus aliquam metus. Vestibulum erat nulla, ullamcorper nec, rutrum non, nonummy ac, erat. Quisque porta. In sem justo, commodo ut, suscipit at, pharetra vitae, orci. Nullam faucibus mi quis velit. Fusce suscipit libero eget elit. Aenean placerat. Praesent vitae arcu tempor neque lacinia pretium. Aliquam erat volutpat. Pellentesque ipsum. Cras pede libero, dapibus nec, pretium sit amet, tempor quis. Nulla accumsan, elit sit amet varius semper, nulla mauris mollis quam, tempor suscipit diam nulla vel leo.\r\n\r\nNunc auctor. Proin in tellus sit amet nibh dignissim sagittis. Fusce nibh. Integer imperdiet lectus quis justo. Nulla non lectus sed nisl molestie malesuada. Vestibulum fermentum tortor id mi. Integer tempor. Pellentesque habitant morbi tristique senectus et netus et malesuada fames ac turpis egestas. Maecenas ipsum velit, consectetuer eu lobortis ut, dictum at dui. Nulla accumsan, elit sit amet varius semper, nulla mauris mollis quam, tempor suscipit diam nulla vel leo. Morbi leo mi, nonummy eget tristique non, rhoncus non leo. Praesent in mauris eu tortor porttitor accumsan. Morbi imperdiet, mauris ac auctor dictum, nisl ligula egestas nulla, et sollicitudin sem purus in lacus. Fusce suscipit libero eget elit.\";s:12:\"idKategorija\";s:1:\"2\";}}}', 1, '2018-08-05 13:49:56', '2018-08-05 13:49:56'),
(45, 2, 'O:5:\"Korpa\":1:{s:12:\"nizProizvoda\";a:2:{i:0;O:8:\"Predmeti\":12:{s:6:\"fields\";s:45:\"idPredmeta,naziv,slika,cena,opis,idKategorija\";s:5:\"table\";s:8:\"predmeti\";s:14:\"preparedValues\";s:11:\"?,?,?,?,?,?\";s:10:\"primaryKey\";s:10:\"idPredmeta\";s:6:\"filter\";s:0:\"\";s:15:\"valuesForInsert\";a:0:{}s:10:\"idPredmeta\";s:1:\"5\";s:5:\"naziv\";s:10:\"Lep_Dizajn\";s:5:\"slika\";s:14:\"1532709494.png\";s:4:\"cena\";s:3:\"108\";s:4:\"opis\";s:4003:\"Lorem ipsum dolor sit amet, consectetuer adipiscing elit. Integer malesuada. Pellentesque ipsum. Aliquam erat volutpat. Duis pulvinar. Donec iaculis gravida nulla. Et harum quidem rerum facilis est et expedita distinctio. Duis viverra diam non justo. Donec quis nibh at felis congue commodo. Vivamus porttitor turpis ac leo. Excepteur sint occaecat cupidatat non proident, sunt in culpa qui officia deserunt mollit anim id est laborum. Aliquam in lorem sit amet leo accumsan lacinia. Maecenas ipsum velit, consectetuer eu lobortis ut, dictum at dui. Mauris dictum facilisis augue. Nullam rhoncus aliquam metus.\r\n\r\nFusce nibh. Mauris dolor felis, sagittis at, luctus sed, aliquam non, tellus. Integer malesuada. Aenean placerat. Sed convallis magna eu sem. Proin mattis lacinia justo. Praesent in mauris eu tortor porttitor accumsan. Aliquam ante. Suspendisse nisl. Nulla non arcu lacinia neque faucibus fringilla. Duis risus. Aliquam id dolor. Nunc tincidunt ante vitae massa. Vivamus luctus egestas leo. Duis pulvinar. Duis aute irure dolor in reprehenderit in voluptate velit esse cillum dolore eu fugiat nulla pariatur. Nullam feugiat, turpis at pulvinar vulputate, erat libero tristique tellus, nec bibendum odio risus sit amet ante. Phasellus faucibus molestie nisl. Etiam neque.\r\n\r\nNulla turpis magna, cursus sit amet, suscipit a, interdum id, felis. In rutrum. Etiam egestas wisi a erat. Sed ac dolor sit amet purus malesuada congue. Fusce tellus odio, dapibus id fermentum quis, suscipit id erat. Integer pellentesque quam vel velit. Class aptent taciti sociosqu ad litora torquent per conubia nostra, per inceptos hymenaeos. Mauris suscipit, ligula sit amet pharetra semper, nibh ante cursus purus, vel sagittis velit mauris vel metus. Etiam commodo dui eget wisi. Aenean fermentum risus id tortor. Mauris suscipit, ligula sit amet pharetra semper, nibh ante cursus purus, vel sagittis velit mauris vel metus. Praesent vitae arcu tempor neque lacinia pretium. Fusce wisi. Nam libero tempore, cum soluta nobis est eligendi optio cumque nihil impedit quo minus id quod maxime placeat facere possimus, omnis voluptas assumenda est, omnis dolor repellendus. Duis aute irure dolor in reprehenderit in voluptate velit esse cillum dolore eu fugiat nulla pariatur. Quisque porta. Duis ante orci, molestie vitae vehicula venenatis, tincidunt ac pede. Suspendisse nisl.\r\n\r\nAliquam erat volutpat. In rutrum. Nulla turpis magna, cursus sit amet, suscipit a, interdum id, felis. Excepteur sint occaecat cupidatat non proident, sunt in culpa qui officia deserunt mollit anim id est laborum. Mauris suscipit, ligula sit amet pharetra semper, nibh ante cursus purus, vel sagittis velit mauris vel metus. Donec iaculis gravida nulla. Nulla pulvinar eleifend sem. Suspendisse sagittis ultrices augue. Pellentesque pretium lectus id turpis. Integer tempor. Nullam at arcu a est sollicitudin euismod. Nullam dapibus fermentum ipsum. Nulla est. Curabitur vitae diam non enim vestibulum interdum. Vestibulum fermentum tortor id mi. Mauris suscipit, ligula sit amet pharetra semper, nibh ante cursus purus, vel sagittis velit mauris vel metus.\r\n\r\nNam quis nulla. Curabitur sagittis hendrerit ante. Morbi imperdiet, mauris ac auctor dictum, nisl ligula egestas nulla, et sollicitudin sem purus in lacus. Phasellus et lorem id felis nonummy placerat. Maecenas aliquet accumsan leo. Curabitur sagittis hendrerit ante. Aliquam erat volutpat. Donec ipsum massa, ullamcorper in, auctor et, scelerisque sed, est. Nullam justo enim, consectetuer nec, ullamcorper ac, vestibulum in, elit. Pellentesque sapien. Nulla non arcu lacinia neque faucibus fringilla. Nulla pulvinar eleifend sem. Integer tempor. Duis sapien nunc, commodo et, interdum suscipit, sollicitudin et, dolor. Quis autem vel eum iure reprehenderit qui in ea voluptate velit esse quam nihil molestiae consequatur, vel illum qui dolorem eum fugiat quo voluptas nulla pariatur? Proin pede metus, vulputate nec, fermentum fringilla, vehicula vitae, justo.BÄeeeee\";s:12:\"idKategorija\";s:1:\"1\";}i:1;O:8:\"Predmeti\":12:{s:6:\"fields\";s:45:\"idPredmeta,naziv,slika,cena,opis,idKategorija\";s:5:\"table\";s:8:\"predmeti\";s:14:\"preparedValues\";s:11:\"?,?,?,?,?,?\";s:10:\"primaryKey\";s:10:\"idPredmeta\";s:6:\"filter\";s:0:\"\";s:15:\"valuesForInsert\";a:0:{}s:10:\"idPredmeta\";s:1:\"2\";s:5:\"naziv\";s:19:\"Java programming345\";s:5:\"slika\";s:14:\"1532634126.png\";s:4:\"cena\";s:3:\"334\";s:4:\"opis\";s:4958:\"Consectetuer adipiscing elit. Nam pede erat, porta eu, lobortis eget, tempus et, tellus. Etiam neque. Vivamus consequat lorem at nisl. Nullam non wisi a sem semper eleifend. Donec mattis libero eget urna. Duis pretium velit ac mauris. Proin eu wisi suscipit nulla suscipit interdum. Aenean lectus lorem, imperdiet at, ultrices eget, ornare et, wisi. Pellentesque adipiscing purus ac magna. Pellentesque habitant morbi tristique senectus et netus et malesuada fames ac turpis egestas.	Pellentesque pede. Donec pulvinar ullamcorper metus. In eu odio at lectus pulvinar mollis. Vestibulum sem magna, elementum ut, vestibulum eu, facilisis quis, arcu. Mauris a dolor. Nulla facilisi. Cum sociis natoque penatibus et magnis dis parturient montes, nascetur ridiculus mus. Sed blandit. Phasellus pellentesque, ante nec iaculis dapibus, eros justo auctor lectus, a lobortis lorem mauris quis nunc. Praesent pellentesque facilisis elit. Class aptent taciti sociosqu ad litora torquent per conubia nostra, per inceptos hymenaeos. In hac habitasse platea dictumst. Nullam id ante eget dui vulputate aliquam. Pellentesque erat erat, tincidunt in, eleifend accumsan, malesuada eget, augue. Suspendisse sit amet tellus in eros bibendum condimentum. Vestibulum suscipit volutpat nulla. Maecenas pede nisl, elementum eu, ornare ac, malesuada at, erat. Proin gravida orci porttitor enim accumsan lacinia. Donec condimentum, urna non molestie semper, ligula enim ornare nibh, quis laoreet eros quam eget ante. Aliquam libero. Vivamus nisl nibh, iaculis vitae, viverra sit amet, ullamcorper vitae, turpis. Aliquam erat volutpat. Vestibulum dui sem, pulvinar sed, imperdiet nec, iaculis nec, leo. Fusce odio. Etiam arcu dui, faucibus eget, placerat vel, sodales eget, orci. Donec ornare neque ac sem. Mauris aliquet. Aliquam sem leo, vulputate sed, convallis at, ultricies quis, justo. Donec nonummy magna quis risus. Quisque eleifend. Phasellus tempor vehicula justo. Aliquam lacinia metus ut elit. Suspendisse iaculis mauris nec lorem.Donec leo. Vivamus fermentum nibh in augue. Praesent a lacus at urna congue rutrum. Nulla enim eros, porttitor eu, tempus id, varius non, nibh. Duis enim nulla, luctus eu, dapibus lacinia, venenatis id, quam. Vestibulum imperdiet, magna nec eleifend rutrum, nunc lectus vestibulum velit, euismod lacinia quam nisl id lorem. Quisque erat. Vestibulum pellentesque, justo mollis pretium suscipit, justo nulla blandit libero, in blandit augue justo quis nisl. Fusce mattis viverra elit. Fusce quis tortor. Consectetuer adipiscing elit. Nam pede erat, porta eu, lobortis eget, tempus et, tellus. Etiam neque. Vivamus consequat lorem at nisl. Nullam non wisi a sem semper eleifend. Donec mattis libero eget urna. Duis pretium velit ac mauris. Proin eu wisi suscipit nulla suscipit interdum. Aenean lectus lorem, imperdiet at, ultrices eget, ornare et, wisi. Pellentesque adipiscing purus ac magna. Pellentesque habitant morbi tristique senectus et netus et malesuada fames ac turpis egestas.	Pellentesque pede. Donec pulvinar ullamcorper metus. In eu odio at lectus pulvinar mollis. Vestibulum sem magna, elementum ut, vestibulum eu, facilisis quis, arcu. Mauris a dolor. Nulla facilisi. Cum sociis natoque penatibus et magnis dis parturient montes, nascetur ridiculus mus. Sed blandit. Phasellus pellentesque, ante nec iaculis dapibus, eros justo auctor lectus, a lobortis lorem mauris quis nunc. Praesent pellentesque facilisis elit. Class aptent taciti sociosqu ad litora torquent per conubia nostra, per inceptos hymenaeos. In hac habitasse platea dictumst. Nullam id ante eget dui vulputate aliquam. Pellentesque erat erat, tincidunt in, eleifend accumsan, malesuada eget, augue. Suspendisse sit amet tellus in eros bibendum condimentum. Vestibulum suscipit volutpat nulla. Maecenas pede nisl, elementum eu, ornare ac, malesuada at, erat. Proin gravida orci porttitor enim accumsan lacinia. Donec condimentum, urna non molestie semper, ligula enim ornare nibh, quis laoreet eros quam eget ante. Aliquam libero. Vivamus nisl nibh, iaculis vitae, viverra sit amet, ullamcorper vitae, turpis. Aliquam erat volutpat. Vestibulum dui sem, pulvinar sed, imperdiet nec, iaculis nec, leo. Fusce odio. Etiam arcu dui, faucibus eget, placerat vel, sodales eget, orci. Donec ornare neque ac sem. Mauris aliquet. Aliquam sem leo, vulputate sed, convallis at, ultricies quis, justo. Donec nonummy magna quis risus. Quisque eleifend. Phasellus tempor vehicula justo. Aliquam lacinia metus ut elit. Suspendisse iaculis mauris nec lorem.Donec leo. Vivamus fermentum nibh in augue. Praesent a lacus at urna congue rutrum. Nulla enim eros, porttitor eu, tempus id, varius non, nibh. Duis enim nulla, luctus eu, dapibus lacinia, venenatis id, quam. Vestibulum imperdiet, magna nec eleifend rutrum, nunc lectus vestibulum velit, euismod lacinia quam nisl id lorem. Quisque erat. Vestibulum pellentesque, justo mollis pretium suscipit, justo nulla blandit libero, \";s:12:\"idKategorija\";s:1:\"1\";}}}', 2, '2018-08-06 17:20:38', '2018-08-06 17:20:38'),
(46, 2, 'O:5:\"Korpa\":1:{s:12:\"nizProizvoda\";a:1:{i:0;O:8:\"Predmeti\":12:{s:6:\"fields\";s:45:\"idPredmeta,naziv,slika,cena,opis,idKategorija\";s:5:\"table\";s:8:\"predmeti\";s:14:\"preparedValues\";s:11:\"?,?,?,?,?,?\";s:10:\"primaryKey\";s:10:\"idPredmeta\";s:6:\"filter\";s:0:\"\";s:15:\"valuesForInsert\";a:0:{}s:10:\"idPredmeta\";s:1:\"1\";s:5:\"naziv\";s:15:\"PHP programming\";s:5:\"slika\";s:14:\"1532970508.png\";s:4:\"cena\";s:3:\"225\";s:4:\"opis\";s:2586:\"Lorem ipsum dolor sit amet, consectetur adipiscing elit. Praesent in purus ut sapien dapibus blandit. Aliquam vel fermentum urna, ut sagittis dolor. Aliquam fermentum elit pharetra, sagittis orci a, venenatis sem. Maecenas efficitur sem vitae consequat mattis. Sed semper dignissim est. Ut quis nibh facilisis leo rhoncus tincidunt. Nulla at eleifend orci. Suspendisse dolor massa, tincidunt at auctor quis, dapibus in turpis.Praesent et blandit dui. Nunc tempor varius nulla id suscipit. Aliquam luctus varius dictum. Suspendisse vel felis mi. Quisque et ex nec arcu fringilla feugiat id vel est. Fusce leo felis, aliquam sed nisl sed, gravida malesuada tellus. Nulla facilisi.Pellentesque mattis sit amet tortor ut finibus. Nullam lacus nunc, dignissim quis sodales gravida, tempor a libero. Donec interdum orci ac nisl egestas, eu semper est iaculis. Pellentesque id sem odio. Duis tortor lectus, lobortis sit amet justo mollis, suscipit porttitor elit. Morbi rutrum ultricies erat vel vulputate. Duis sit amet augue risus. Integer vitae mauris luctus, consequat nulla ut, molestie nibh. Integer pharetra sit amet lorem et bibendum. Vivamus laoreet sed dolor a ultricies.Morbi vitae ultricies lacus. Proin sit amet justo maximus, facilisis velit sed, congue purus. Quisque lobortis purus at ex blandit, vel tristique odio pulvinar. Nunc posuere, augue ac consequat tempor, turpis erat aliquam mauris, vel tincidunt ligula sapien ac est. Suspendisse lacus diam, feugiat laoreet vestibulum at, ultrices id magna. Aenean quis sem in orci luctus eleifend eu at turpis. Praesent iaculis dignissim eros ut tincidunt. Duis in lorem eu ligula laoreet fringilla. Phasellus sollicitudin lacus magna. Curabitur ac metus facilisis, semper dui quis, fringilla augue.Morbi eu lacus quis augue tincidunt mattis auctor vel orci. Nulla non augue suscipit, hendrerit nunc eu, tincidunt nisi. Vivamus pellentesque, felis ut convallis luctus, lacus lacus vestibulum eros, quis tempor est ex ut tortor. Donec est ex, iaculis placerat gravida et, luctus at ante. Etiam metus arcu, dapibus ut efficitur at, facilisis ac massa. Morbi at tortor felis. Suspendisse potenti. Vestibulum placerat neque nec venenatis bibendum. Nunc semper erat odio, in sagittis libero fringilla at. Donec at tincidunt est. Orci varius natoque penatibus et magnis dis parturient montes, nascetur ridiculus mus. In sit amet imperdiet tellus. Etiam sed nulla pellentesque, efficitur nibh facilisis, blandit enim. Pellentesque pretium ex ac lacus volutpat, non malesuada sapien pretium. Nunc vulputate est vel urna lobortis rhoncus.\";s:12:\"idKategorija\";s:1:\"1\";}}}', 2, '2018-08-10 16:55:42', '2018-08-10 16:55:42'),
(47, 1, 'O:5:\"Korpa\":1:{s:12:\"nizProizvoda\";a:2:{i:0;O:8:\"Predmeti\":12:{s:6:\"fields\";s:45:\"idPredmeta,naziv,slika,cena,opis,idKategorija\";s:5:\"table\";s:8:\"predmeti\";s:14:\"preparedValues\";s:11:\"?,?,?,?,?,?\";s:10:\"primaryKey\";s:10:\"idPredmeta\";s:6:\"filter\";s:0:\"\";s:15:\"valuesForInsert\";a:0:{}s:10:\"idPredmeta\";s:1:\"1\";s:5:\"naziv\";s:15:\"PHP programming\";s:5:\"slika\";s:14:\"1532970508.png\";s:4:\"cena\";s:3:\"225\";s:4:\"opis\";s:2586:\"Lorem ipsum dolor sit amet, consectetur adipiscing elit. Praesent in purus ut sapien dapibus blandit. Aliquam vel fermentum urna, ut sagittis dolor. Aliquam fermentum elit pharetra, sagittis orci a, venenatis sem. Maecenas efficitur sem vitae consequat mattis. Sed semper dignissim est. Ut quis nibh facilisis leo rhoncus tincidunt. Nulla at eleifend orci. Suspendisse dolor massa, tincidunt at auctor quis, dapibus in turpis.Praesent et blandit dui. Nunc tempor varius nulla id suscipit. Aliquam luctus varius dictum. Suspendisse vel felis mi. Quisque et ex nec arcu fringilla feugiat id vel est. Fusce leo felis, aliquam sed nisl sed, gravida malesuada tellus. Nulla facilisi.Pellentesque mattis sit amet tortor ut finibus. Nullam lacus nunc, dignissim quis sodales gravida, tempor a libero. Donec interdum orci ac nisl egestas, eu semper est iaculis. Pellentesque id sem odio. Duis tortor lectus, lobortis sit amet justo mollis, suscipit porttitor elit. Morbi rutrum ultricies erat vel vulputate. Duis sit amet augue risus. Integer vitae mauris luctus, consequat nulla ut, molestie nibh. Integer pharetra sit amet lorem et bibendum. Vivamus laoreet sed dolor a ultricies.Morbi vitae ultricies lacus. Proin sit amet justo maximus, facilisis velit sed, congue purus. Quisque lobortis purus at ex blandit, vel tristique odio pulvinar. Nunc posuere, augue ac consequat tempor, turpis erat aliquam mauris, vel tincidunt ligula sapien ac est. Suspendisse lacus diam, feugiat laoreet vestibulum at, ultrices id magna. Aenean quis sem in orci luctus eleifend eu at turpis. Praesent iaculis dignissim eros ut tincidunt. Duis in lorem eu ligula laoreet fringilla. Phasellus sollicitudin lacus magna. Curabitur ac metus facilisis, semper dui quis, fringilla augue.Morbi eu lacus quis augue tincidunt mattis auctor vel orci. Nulla non augue suscipit, hendrerit nunc eu, tincidunt nisi. Vivamus pellentesque, felis ut convallis luctus, lacus lacus vestibulum eros, quis tempor est ex ut tortor. Donec est ex, iaculis placerat gravida et, luctus at ante. Etiam metus arcu, dapibus ut efficitur at, facilisis ac massa. Morbi at tortor felis. Suspendisse potenti. Vestibulum placerat neque nec venenatis bibendum. Nunc semper erat odio, in sagittis libero fringilla at. Donec at tincidunt est. Orci varius natoque penatibus et magnis dis parturient montes, nascetur ridiculus mus. In sit amet imperdiet tellus. Etiam sed nulla pellentesque, efficitur nibh facilisis, blandit enim. Pellentesque pretium ex ac lacus volutpat, non malesuada sapien pretium. Nunc vulputate est vel urna lobortis rhoncus.\";s:12:\"idKategorija\";s:1:\"1\";}i:1;O:8:\"Predmeti\":12:{s:6:\"fields\";s:45:\"idPredmeta,naziv,slika,cena,opis,idKategorija\";s:5:\"table\";s:8:\"predmeti\";s:14:\"preparedValues\";s:11:\"?,?,?,?,?,?\";s:10:\"primaryKey\";s:10:\"idPredmeta\";s:6:\"filter\";s:0:\"\";s:15:\"valuesForInsert\";a:0:{}s:10:\"idPredmeta\";s:1:\"2\";s:5:\"naziv\";s:19:\"Java programming345\";s:5:\"slika\";s:14:\"1532634126.png\";s:4:\"cena\";s:3:\"334\";s:4:\"opis\";s:4958:\"Consectetuer adipiscing elit. Nam pede erat, porta eu, lobortis eget, tempus et, tellus. Etiam neque. Vivamus consequat lorem at nisl. Nullam non wisi a sem semper eleifend. Donec mattis libero eget urna. Duis pretium velit ac mauris. Proin eu wisi suscipit nulla suscipit interdum. Aenean lectus lorem, imperdiet at, ultrices eget, ornare et, wisi. Pellentesque adipiscing purus ac magna. Pellentesque habitant morbi tristique senectus et netus et malesuada fames ac turpis egestas.	Pellentesque pede. Donec pulvinar ullamcorper metus. In eu odio at lectus pulvinar mollis. Vestibulum sem magna, elementum ut, vestibulum eu, facilisis quis, arcu. Mauris a dolor. Nulla facilisi. Cum sociis natoque penatibus et magnis dis parturient montes, nascetur ridiculus mus. Sed blandit. Phasellus pellentesque, ante nec iaculis dapibus, eros justo auctor lectus, a lobortis lorem mauris quis nunc. Praesent pellentesque facilisis elit. Class aptent taciti sociosqu ad litora torquent per conubia nostra, per inceptos hymenaeos. In hac habitasse platea dictumst. Nullam id ante eget dui vulputate aliquam. Pellentesque erat erat, tincidunt in, eleifend accumsan, malesuada eget, augue. Suspendisse sit amet tellus in eros bibendum condimentum. Vestibulum suscipit volutpat nulla. Maecenas pede nisl, elementum eu, ornare ac, malesuada at, erat. Proin gravida orci porttitor enim accumsan lacinia. Donec condimentum, urna non molestie semper, ligula enim ornare nibh, quis laoreet eros quam eget ante. Aliquam libero. Vivamus nisl nibh, iaculis vitae, viverra sit amet, ullamcorper vitae, turpis. Aliquam erat volutpat. Vestibulum dui sem, pulvinar sed, imperdiet nec, iaculis nec, leo. Fusce odio. Etiam arcu dui, faucibus eget, placerat vel, sodales eget, orci. Donec ornare neque ac sem. Mauris aliquet. Aliquam sem leo, vulputate sed, convallis at, ultricies quis, justo. Donec nonummy magna quis risus. Quisque eleifend. Phasellus tempor vehicula justo. Aliquam lacinia metus ut elit. Suspendisse iaculis mauris nec lorem.Donec leo. Vivamus fermentum nibh in augue. Praesent a lacus at urna congue rutrum. Nulla enim eros, porttitor eu, tempus id, varius non, nibh. Duis enim nulla, luctus eu, dapibus lacinia, venenatis id, quam. Vestibulum imperdiet, magna nec eleifend rutrum, nunc lectus vestibulum velit, euismod lacinia quam nisl id lorem. Quisque erat. Vestibulum pellentesque, justo mollis pretium suscipit, justo nulla blandit libero, in blandit augue justo quis nisl. Fusce mattis viverra elit. Fusce quis tortor. Consectetuer adipiscing elit. Nam pede erat, porta eu, lobortis eget, tempus et, tellus. Etiam neque. Vivamus consequat lorem at nisl. Nullam non wisi a sem semper eleifend. Donec mattis libero eget urna. Duis pretium velit ac mauris. Proin eu wisi suscipit nulla suscipit interdum. Aenean lectus lorem, imperdiet at, ultrices eget, ornare et, wisi. Pellentesque adipiscing purus ac magna. Pellentesque habitant morbi tristique senectus et netus et malesuada fames ac turpis egestas.	Pellentesque pede. Donec pulvinar ullamcorper metus. In eu odio at lectus pulvinar mollis. Vestibulum sem magna, elementum ut, vestibulum eu, facilisis quis, arcu. Mauris a dolor. Nulla facilisi. Cum sociis natoque penatibus et magnis dis parturient montes, nascetur ridiculus mus. Sed blandit. Phasellus pellentesque, ante nec iaculis dapibus, eros justo auctor lectus, a lobortis lorem mauris quis nunc. Praesent pellentesque facilisis elit. Class aptent taciti sociosqu ad litora torquent per conubia nostra, per inceptos hymenaeos. In hac habitasse platea dictumst. Nullam id ante eget dui vulputate aliquam. Pellentesque erat erat, tincidunt in, eleifend accumsan, malesuada eget, augue. Suspendisse sit amet tellus in eros bibendum condimentum. Vestibulum suscipit volutpat nulla. Maecenas pede nisl, elementum eu, ornare ac, malesuada at, erat. Proin gravida orci porttitor enim accumsan lacinia. Donec condimentum, urna non molestie semper, ligula enim ornare nibh, quis laoreet eros quam eget ante. Aliquam libero. Vivamus nisl nibh, iaculis vitae, viverra sit amet, ullamcorper vitae, turpis. Aliquam erat volutpat. Vestibulum dui sem, pulvinar sed, imperdiet nec, iaculis nec, leo. Fusce odio. Etiam arcu dui, faucibus eget, placerat vel, sodales eget, orci. Donec ornare neque ac sem. Mauris aliquet. Aliquam sem leo, vulputate sed, convallis at, ultricies quis, justo. Donec nonummy magna quis risus. Quisque eleifend. Phasellus tempor vehicula justo. Aliquam lacinia metus ut elit. Suspendisse iaculis mauris nec lorem.Donec leo. Vivamus fermentum nibh in augue. Praesent a lacus at urna congue rutrum. Nulla enim eros, porttitor eu, tempus id, varius non, nibh. Duis enim nulla, luctus eu, dapibus lacinia, venenatis id, quam. Vestibulum imperdiet, magna nec eleifend rutrum, nunc lectus vestibulum velit, euismod lacinia quam nisl id lorem. Quisque erat. Vestibulum pellentesque, justo mollis pretium suscipit, justo nulla blandit libero, \";s:12:\"idKategorija\";s:1:\"1\";}}}', 1, '2018-08-20 19:09:46', '2018-08-20 19:09:46');

-- --------------------------------------------------------

--
-- Table structure for table `kategorije`
--

CREATE TABLE `kategorije` (
  `idKategorija` int(11) NOT NULL,
  `naziv` varchar(256) NOT NULL,
  `opis` varchar(1024) NOT NULL
) ENGINE=InnoDB DEFAULT CHARSET=utf8;

--
-- Dumping data for table `kategorije`
--

INSERT INTO `kategorije` (`idKategorija`, `naziv`, `opis`) VALUES
(1, 'Programming3', 'Koding, koding, kodiing'),
(3, 'Business123', 'Money,Money,Money123'),
(4, 'Arts', 'Creativity,'),
(5, 'Production', 'Filmmaking'),
(6, 'Musics', 'How to play your favorite instrument.'),
(9, 'blabla1', 'avetinja'),
(11, 'katica', 'kcer');

-- --------------------------------------------------------

--
-- Table structure for table `korisnici`
--

CREATE TABLE `korisnici` (
  `idUser` int(11) NOT NULL,
  `idPristupa` int(11) NOT NULL DEFAULT '1',
  `korisnickoIme` varchar(50) NOT NULL,
  `ime` varchar(25) NOT NULL,
  `prezime` varchar(50) NOT NULL,
  `email` varchar(50) NOT NULL,
  `sifra` varchar(100) NOT NULL,
  `datumPristupa` datetime NOT NULL DEFAULT CURRENT_TIMESTAMP
) ENGINE=InnoDB DEFAULT CHARSET=utf8;

--
-- Dumping data for table `korisnici`
--

INSERT INTO `korisnici` (`idUser`, `idPristupa`, `korisnickoIme`, `ime`, `prezime`, `email`, `sifra`, `datumPristupa`) VALUES
(1, 3, 'Admin', 'Admin', 'peric', 'mail1@mail.com', '1234', '2018-07-08 20:17:07'),
(2, 2, 'Moderator', 'Moderator', 'Mikic', 'mail2@mail.com', '2345', '2018-07-08 20:17:07'),
(3, 1, 'Korisnik', 'Korisnik', 'Korisnik', 'mail3@mail.com', '3456', '2018-07-08 20:19:37'),
(4, 2, 'Djoka', 'Mika', 'Zikic', 'mail4@mail.com', '4567', '2018-07-08 20:19:37'),
(5, 1, 'MikaZika', 'Mikica', 'Zikica', 'mail5@mail.com', '5678', '2018-07-12 21:34:36'),
(6, 2, 'Cirica', 'Cira', 'Lazic', 'mail6@mail.com', '6789', '2018-07-12 21:35:40'),
(8, 1, 'jurisnik', 'Dragutin', 'Nekoprezime', 'mail7@mail.com', '7890', '2018-07-12 21:42:13'),
(9, 1, 'Uguzuljub', 'Kiloster', 'Babic', 'mail8@mail.com', '0987', '2018-07-12 21:45:00'),
(11, 1, 'majkula', 'Misko', 'Ajkula', 'mail25@mail.com', '111111', '2018-07-12 21:50:56'),
(12, 1, 'Perica', 'Joza', 'LjutaGuja', 'mail26@mail.com', '1234', '2018-07-15 19:09:26'),
(13, 1, 'ganci', 'Jozan', 'nesic', 'mail27@mail.com', '54321', '2018-07-18 15:51:34'),
(14, 1, 'Staznam', 'Borabo', 'Markovic', 'mail9@mail.com', '7777', '2018-07-21 15:48:15'),
(15, 3, 'Ohecomova', 'kikiriki', 'peric', 'mail10@mail.com', '9999', '2018-07-21 16:17:43'),
(16, 1, 'Radoje', 'Djordje', 'Dmitrovic', 'mail11@mail.com', '7777', '2018-07-25 13:38:23'),
(23, 2, 'drakula', 'Joakim', 'Vujic', 'mail12@mail.com', '4432', '2018-07-29 21:06:55'),
(24, 1, 'magare', 'pravi', 'mika', 'mail13@mail.com', '7685', '2018-07-29 21:09:27'),
(25, 2, 'Rnkac', 'houihiouh', 'kjhnÄijhil', 'mail14@mail.com', '7987', '2018-07-29 21:21:06'),
(27, 1, 'Djokica', 'fgafas', 'asdfasfdsad', 'mail16@mail.com', '0987', '2018-07-29 21:27:39'),
(28, 2, 'Kukumetu', 'fsdafa', 'fgds', 'mail17@mail.com', '7894', '2018-07-29 21:32:48'),
(31, 2, 'BabuÅ¡ka', 'Sejo', 'KalaÄ', 'mail28@mail.com', '43626', '2018-07-30 16:03:43'),
(33, 1, 'MikaZika', 'kakamica', 'nesic', 'mail20@mail.com', '9876', '2018-08-02 01:35:28'),
(35, 1, 'RnkaÄ', 'Korisnik', 'LjutaGuja', 'mail19@mail.com', '9898', '2018-08-02 19:14:54'),
(37, 1, 'Zivadinac', 'Zivorad', 'Dobrnjac', 'mail21@mail.com', '9870', '2018-08-04 23:24:27'),
(38, 1, 'Dupelizac', 'Radonja', 'Petrovic', 'mail22@mail.com', '7080', '2018-08-05 00:32:04');

-- --------------------------------------------------------

--
-- Table structure for table `nivopristupa`
--

CREATE TABLE `nivopristupa` (
  `idPristupa` int(10) UNSIGNED NOT NULL,
  `tip` varchar(50) NOT NULL
) ENGINE=MyISAM DEFAULT CHARSET=utf8;

--
-- Dumping data for table `nivopristupa`
--

INSERT INTO `nivopristupa` (`idPristupa`, `tip`) VALUES
(1, 'korisnik'),
(2, 'moderator'),
(3, 'admin'),
(4, 'student'),
(5, 'zika');

-- --------------------------------------------------------

--
-- Table structure for table `ocene`
--

CREATE TABLE `ocene` (
  `idOcena` int(11) NOT NULL,
  `idStudent` int(11) NOT NULL,
  `ocena` int(11) DEFAULT NULL,
  `idPredmeta` int(11) NOT NULL,
  `brPolaganja` int(11) NOT NULL
) ENGINE=InnoDB DEFAULT CHARSET=utf8;

-- --------------------------------------------------------

--
-- Table structure for table `predmeti`
--

CREATE TABLE `predmeti` (
  `idPredmeta` int(11) NOT NULL,
  `naziv` varchar(50) NOT NULL,
  `slika` varchar(100) DEFAULT NULL,
  `materijal` varchar(256) NOT NULL,
  `cena` int(11) NOT NULL,
  `opis` text NOT NULL,
  `idKategorija` int(11) NOT NULL
) ENGINE=InnoDB DEFAULT CHARSET=utf8;

--
-- Dumping data for table `predmeti`
--

INSERT INTO `predmeti` (`idPredmeta`, `naziv`, `slika`, `materijal`, `cena`, `opis`, `idKategorija`) VALUES
(1, 'PHP programming', '1532970508.png', '', 225, 'Lorem ipsum dolor sit amet, consectetur adipiscing elit. Praesent in purus ut sapien dapibus blandit. Aliquam vel fermentum urna, ut sagittis dolor. Aliquam fermentum elit pharetra, sagittis orci a, venenatis sem. Maecenas efficitur sem vitae consequat mattis. Sed semper dignissim est. Ut quis nibh facilisis leo rhoncus tincidunt. Nulla at eleifend orci. Suspendisse dolor massa, tincidunt at auctor quis, dapibus in turpis.Praesent et blandit dui. Nunc tempor varius nulla id suscipit. Aliquam luctus varius dictum. Suspendisse vel felis mi. Quisque et ex nec arcu fringilla feugiat id vel est. Fusce leo felis, aliquam sed nisl sed, gravida malesuada tellus. Nulla facilisi.Pellentesque mattis sit amet tortor ut finibus. Nullam lacus nunc, dignissim quis sodales gravida, tempor a libero. Donec interdum orci ac nisl egestas, eu semper est iaculis. Pellentesque id sem odio. Duis tortor lectus, lobortis sit amet justo mollis, suscipit porttitor elit. Morbi rutrum ultricies erat vel vulputate. Duis sit amet augue risus. Integer vitae mauris luctus, consequat nulla ut, molestie nibh. Integer pharetra sit amet lorem et bibendum. Vivamus laoreet sed dolor a ultricies.Morbi vitae ultricies lacus. Proin sit amet justo maximus, facilisis velit sed, congue purus. Quisque lobortis purus at ex blandit, vel tristique odio pulvinar. Nunc posuere, augue ac consequat tempor, turpis erat aliquam mauris, vel tincidunt ligula sapien ac est. Suspendisse lacus diam, feugiat laoreet vestibulum at, ultrices id magna. Aenean quis sem in orci luctus eleifend eu at turpis. Praesent iaculis dignissim eros ut tincidunt. Duis in lorem eu ligula laoreet fringilla. Phasellus sollicitudin lacus magna. Curabitur ac metus facilisis, semper dui quis, fringilla augue.Morbi eu lacus quis augue tincidunt mattis auctor vel orci. Nulla non augue suscipit, hendrerit nunc eu, tincidunt nisi. Vivamus pellentesque, felis ut convallis luctus, lacus lacus vestibulum eros, quis tempor est ex ut tortor. Donec est ex, iaculis placerat gravida et, luctus at ante. Etiam metus arcu, dapibus ut efficitur at, facilisis ac massa. Morbi at tortor felis. Suspendisse potenti. Vestibulum placerat neque nec venenatis bibendum. Nunc semper erat odio, in sagittis libero fringilla at. Donec at tincidunt est. Orci varius natoque penatibus et magnis dis parturient montes, nascetur ridiculus mus. In sit amet imperdiet tellus. Etiam sed nulla pellentesque, efficitur nibh facilisis, blandit enim. Pellentesque pretium ex ac lacus volutpat, non malesuada sapien pretium. Nunc vulputate est vel urna lobortis rhoncus.', 1),
(2, 'Java programming345', '1532634126.png', '', 334, 'Consectetuer adipiscing elit. Nam pede erat, porta eu, lobortis eget, tempus et, tellus. Etiam neque. Vivamus consequat lorem at nisl. Nullam non wisi a sem semper eleifend. Donec mattis libero eget urna. Duis pretium velit ac mauris. Proin eu wisi suscipit nulla suscipit interdum. Aenean lectus lorem, imperdiet at, ultrices eget, ornare et, wisi. Pellentesque adipiscing purus ac magna. Pellentesque habitant morbi tristique senectus et netus et malesuada fames ac turpis egestas.	Pellentesque pede. Donec pulvinar ullamcorper metus. In eu odio at lectus pulvinar mollis. Vestibulum sem magna, elementum ut, vestibulum eu, facilisis quis, arcu. Mauris a dolor. Nulla facilisi. Cum sociis natoque penatibus et magnis dis parturient montes, nascetur ridiculus mus. Sed blandit. Phasellus pellentesque, ante nec iaculis dapibus, eros justo auctor lectus, a lobortis lorem mauris quis nunc. Praesent pellentesque facilisis elit. Class aptent taciti sociosqu ad litora torquent per conubia nostra, per inceptos hymenaeos. In hac habitasse platea dictumst. Nullam id ante eget dui vulputate aliquam. Pellentesque erat erat, tincidunt in, eleifend accumsan, malesuada eget, augue. Suspendisse sit amet tellus in eros bibendum condimentum. Vestibulum suscipit volutpat nulla. Maecenas pede nisl, elementum eu, ornare ac, malesuada at, erat. Proin gravida orci porttitor enim accumsan lacinia. Donec condimentum, urna non molestie semper, ligula enim ornare nibh, quis laoreet eros quam eget ante. Aliquam libero. Vivamus nisl nibh, iaculis vitae, viverra sit amet, ullamcorper vitae, turpis. Aliquam erat volutpat. Vestibulum dui sem, pulvinar sed, imperdiet nec, iaculis nec, leo. Fusce odio. Etiam arcu dui, faucibus eget, placerat vel, sodales eget, orci. Donec ornare neque ac sem. Mauris aliquet. Aliquam sem leo, vulputate sed, convallis at, ultricies quis, justo. Donec nonummy magna quis risus. Quisque eleifend. Phasellus tempor vehicula justo. Aliquam lacinia metus ut elit. Suspendisse iaculis mauris nec lorem.Donec leo. Vivamus fermentum nibh in augue. Praesent a lacus at urna congue rutrum. Nulla enim eros, porttitor eu, tempus id, varius non, nibh. Duis enim nulla, luctus eu, dapibus lacinia, venenatis id, quam. Vestibulum imperdiet, magna nec eleifend rutrum, nunc lectus vestibulum velit, euismod lacinia quam nisl id lorem. Quisque erat. Vestibulum pellentesque, justo mollis pretium suscipit, justo nulla blandit libero, in blandit augue justo quis nisl. Fusce mattis viverra elit. Fusce quis tortor. Consectetuer adipiscing elit. Nam pede erat, porta eu, lobortis eget, tempus et, tellus. Etiam neque. Vivamus consequat lorem at nisl. Nullam non wisi a sem semper eleifend. Donec mattis libero eget urna. Duis pretium velit ac mauris. Proin eu wisi suscipit nulla suscipit interdum. Aenean lectus lorem, imperdiet at, ultrices eget, ornare et, wisi. Pellentesque adipiscing purus ac magna. Pellentesque habitant morbi tristique senectus et netus et malesuada fames ac turpis egestas.	Pellentesque pede. Donec pulvinar ullamcorper metus. In eu odio at lectus pulvinar mollis. Vestibulum sem magna, elementum ut, vestibulum eu, facilisis quis, arcu. Mauris a dolor. Nulla facilisi. Cum sociis natoque penatibus et magnis dis parturient montes, nascetur ridiculus mus. Sed blandit. Phasellus pellentesque, ante nec iaculis dapibus, eros justo auctor lectus, a lobortis lorem mauris quis nunc. Praesent pellentesque facilisis elit. Class aptent taciti sociosqu ad litora torquent per conubia nostra, per inceptos hymenaeos. In hac habitasse platea dictumst. Nullam id ante eget dui vulputate aliquam. Pellentesque erat erat, tincidunt in, eleifend accumsan, malesuada eget, augue. Suspendisse sit amet tellus in eros bibendum condimentum. Vestibulum suscipit volutpat nulla. Maecenas pede nisl, elementum eu, ornare ac, malesuada at, erat. Proin gravida orci porttitor enim accumsan lacinia. Donec condimentum, urna non molestie semper, ligula enim ornare nibh, quis laoreet eros quam eget ante. Aliquam libero. Vivamus nisl nibh, iaculis vitae, viverra sit amet, ullamcorper vitae, turpis. Aliquam erat volutpat. Vestibulum dui sem, pulvinar sed, imperdiet nec, iaculis nec, leo. Fusce odio. Etiam arcu dui, faucibus eget, placerat vel, sodales eget, orci. Donec ornare neque ac sem. Mauris aliquet. Aliquam sem leo, vulputate sed, convallis at, ultricies quis, justo. Donec nonummy magna quis risus. Quisque eleifend. Phasellus tempor vehicula justo. Aliquam lacinia metus ut elit. Suspendisse iaculis mauris nec lorem.Donec leo. Vivamus fermentum nibh in augue. Praesent a lacus at urna congue rutrum. Nulla enim eros, porttitor eu, tempus id, varius non, nibh. Duis enim nulla, luctus eu, dapibus lacinia, venenatis id, quam. Vestibulum imperdiet, magna nec eleifend rutrum, nunc lectus vestibulum velit, euismod lacinia quam nisl id lorem. Quisque erat. Vestibulum pellentesque, justo mollis pretium suscipit, justo nulla blandit libero, ', 1),
(5, 'Lep_Dizajn', '1532709494.png', '', 108, 'Lorem ipsum dolor sit amet, consectetuer adipiscing elit. Integer malesuada. Pellentesque ipsum. Aliquam erat volutpat. Duis pulvinar. Donec iaculis gravida nulla. Et harum quidem rerum facilis est et expedita distinctio. Duis viverra diam non justo. Donec quis nibh at felis congue commodo. Vivamus porttitor turpis ac leo. Excepteur sint occaecat cupidatat non proident, sunt in culpa qui officia deserunt mollit anim id est laborum. Aliquam in lorem sit amet leo accumsan lacinia. Maecenas ipsum velit, consectetuer eu lobortis ut, dictum at dui. Mauris dictum facilisis augue. Nullam rhoncus aliquam metus.\r\n\r\nFusce nibh. Mauris dolor felis, sagittis at, luctus sed, aliquam non, tellus. Integer malesuada. Aenean placerat. Sed convallis magna eu sem. Proin mattis lacinia justo. Praesent in mauris eu tortor porttitor accumsan. Aliquam ante. Suspendisse nisl. Nulla non arcu lacinia neque faucibus fringilla. Duis risus. Aliquam id dolor. Nunc tincidunt ante vitae massa. Vivamus luctus egestas leo. Duis pulvinar. Duis aute irure dolor in reprehenderit in voluptate velit esse cillum dolore eu fugiat nulla pariatur. Nullam feugiat, turpis at pulvinar vulputate, erat libero tristique tellus, nec bibendum odio risus sit amet ante. Phasellus faucibus molestie nisl. Etiam neque.\r\n\r\nNulla turpis magna, cursus sit amet, suscipit a, interdum id, felis. In rutrum. Etiam egestas wisi a erat. Sed ac dolor sit amet purus malesuada congue. Fusce tellus odio, dapibus id fermentum quis, suscipit id erat. Integer pellentesque quam vel velit. Class aptent taciti sociosqu ad litora torquent per conubia nostra, per inceptos hymenaeos. Mauris suscipit, ligula sit amet pharetra semper, nibh ante cursus purus, vel sagittis velit mauris vel metus. Etiam commodo dui eget wisi. Aenean fermentum risus id tortor. Mauris suscipit, ligula sit amet pharetra semper, nibh ante cursus purus, vel sagittis velit mauris vel metus. Praesent vitae arcu tempor neque lacinia pretium. Fusce wisi. Nam libero tempore, cum soluta nobis est eligendi optio cumque nihil impedit quo minus id quod maxime placeat facere possimus, omnis voluptas assumenda est, omnis dolor repellendus. Duis aute irure dolor in reprehenderit in voluptate velit esse cillum dolore eu fugiat nulla pariatur. Quisque porta. Duis ante orci, molestie vitae vehicula venenatis, tincidunt ac pede. Suspendisse nisl.\r\n\r\nAliquam erat volutpat. In rutrum. Nulla turpis magna, cursus sit amet, suscipit a, interdum id, felis. Excepteur sint occaecat cupidatat non proident, sunt in culpa qui officia deserunt mollit anim id est laborum. Mauris suscipit, ligula sit amet pharetra semper, nibh ante cursus purus, vel sagittis velit mauris vel metus. Donec iaculis gravida nulla. Nulla pulvinar eleifend sem. Suspendisse sagittis ultrices augue. Pellentesque pretium lectus id turpis. Integer tempor. Nullam at arcu a est sollicitudin euismod. Nullam dapibus fermentum ipsum. Nulla est. Curabitur vitae diam non enim vestibulum interdum. Vestibulum fermentum tortor id mi. Mauris suscipit, ligula sit amet pharetra semper, nibh ante cursus purus, vel sagittis velit mauris vel metus.\r\n\r\nNam quis nulla. Curabitur sagittis hendrerit ante. Morbi imperdiet, mauris ac auctor dictum, nisl ligula egestas nulla, et sollicitudin sem purus in lacus. Phasellus et lorem id felis nonummy placerat. Maecenas aliquet accumsan leo. Curabitur sagittis hendrerit ante. Aliquam erat volutpat. Donec ipsum massa, ullamcorper in, auctor et, scelerisque sed, est. Nullam justo enim, consectetuer nec, ullamcorper ac, vestibulum in, elit. Pellentesque sapien. Nulla non arcu lacinia neque faucibus fringilla. Nulla pulvinar eleifend sem. Integer tempor. Duis sapien nunc, commodo et, interdum suscipit, sollicitudin et, dolor. Quis autem vel eum iure reprehenderit qui in ea voluptate velit esse quam nihil molestiae consequatur, vel illum qui dolorem eum fugiat quo voluptas nulla pariatur? Proin pede metus, vulputate nec, fermentum fringilla, vehicula vitae, justo.BÄeeeee', 1),
(6, 'Moderan_Dizajn12', '1532958350.png', '', 199, 'Lorem ipsum dolor sit amet, consectetuer adipiscing elit. Integer malesuada. Pellentesque ipsum. Aliquam erat volutpat. Duis pulvinar. Donec iaculis gravida nulla. Et harum quidem rerum facilis est et expedita distinctio. Duis viverra diam non justo. Donec quis nibh at felis congue commodo. Vivamus porttitor turpis ac leo. Excepteur sint occaecat cupidatat non proident, sunt in culpa qui officia deserunt mollit anim id est laborum. Aliquam in lorem sit amet leo accumsan lacinia. Maecenas ipsum velit, consectetuer eu lobortis ut, dictum at dui. Mauris dictum facilisis augue. Nullam rhoncus aliquam metus.\r\n\r\nFusce nibh. Mauris dolor felis, sagittis at, luctus sed, aliquam non, tellus. Integer malesuada. Aenean placerat. Sed convallis magna eu sem. Proin mattis lacinia justo. Praesent in mauris eu tortor porttitor accumsan. Aliquam ante. Suspendisse nisl. Nulla non arcu lacinia neque faucibus fringilla. Duis risus. Aliquam id dolor. Nunc tincidunt ante vitae massa. Vivamus luctus egestas leo. Duis pulvinar. Duis aute irure dolor in reprehenderit in voluptate velit esse cillum dolore eu fugiat nulla pariatur. Nullam feugiat, turpis at pulvinar vulputate, erat libero tristique tellus, nec bibendum odio risus sit amet ante. Phasellus faucibus molestie nisl. Etiam neque.\r\n\r\nNulla turpis magna, cursus sit amet, suscipit a, interdum id, felis. In rutrum. Etiam egestas wisi a erat. Sed ac dolor sit amet purus malesuada congue. Fusce tellus odio, dapibus id fermentum quis, suscipit id erat. Integer pellentesque quam vel velit. Class aptent taciti sociosqu ad litora torquent per conubia nostra, per inceptos hymenaeos. Mauris suscipit, ligula sit amet pharetra semper, nibh ante cursus purus, vel sagittis velit mauris vel metus. Etiam commodo dui eget wisi. Aenean fermentum risus id tortor. Mauris suscipit, ligula sit amet pharetra semper, nibh ante cursus purus, vel sagittis velit mauris vel metus. Praesent vitae arcu tempor neque lacinia pretium. Fusce wisi. Nam libero tempore, cum soluta nobis est eligendi optio cumque nihil impedit quo minus id quod maxime placeat facere possimus, omnis voluptas assumenda est, omnis dolor repellendus. Duis aute irure dolor in reprehenderit in voluptate velit esse cillum dolore eu fugiat nulla pariatur. Quisque porta. Duis ante orci, molestie vitae vehicula venenatis, tincidunt ac pede. Suspendisse nisl.\r\n\r\nAliquam erat volutpat. In rutrum. Nulla turpis magna, cursus sit amet, suscipit a, interdum id, felis. Excepteur sint occaecat cupidatat non proident, sunt in culpa qui officia deserunt mollit anim id est laborum. Mauris suscipit, ligula sit amet pharetra semper, nibh ante cursus purus, vel sagittis velit mauris vel metus. Donec iaculis gravida nulla. Nulla pulvinar eleifend sem. Suspendisse sagittis ultrices augue. Pellentesque pretium lectus id turpis. Integer tempor. Nullam at arcu a est sollicitudin euismod. Nullam dapibus fermentum ipsum. Nulla est. Curabitur vitae diam non enim vestibulum interdum. Vestibulum fermentum tortor id mi. Mauris suscipit, ligula sit amet pharetra semper, nibh ante cursus purus, vel sagittis velit mauris vel metus.\r\n\r\nNam quis nulla. Curabitur sagittis hendrerit ante. Morbi imperdiet, mauris ac auctor dictum, nisl ligula egestas nulla, et sollicitudin sem purus in lacus. Phasellus et lorem id felis nonummy placerat. Maecenas aliquet accumsan leo. Curabitur sagittis hendrerit ante. Aliquam erat volutpat. Donec ipsum massa, ullamcorper in, auctor et, scelerisque sed, est. Nullam justo enim, consectetuer nec, ullamcorper ac, vestibulum in, elit. Pellentesque sapien. Nulla non arcu lacinia neque faucibus fringilla. Nulla pulvinar eleifend sem. Integer tempor. Duis sapien nunc, commodo et, interdum suscipit, sollicitudin et, dolor. Quis autem vel eum iure reprehenderit qui in ea voluptate velit esse quam nihil molestiae consequatur, vel illum qui dolorem eum fugiat quo voluptas nulla pariatur? Proin pede metus, vulputate nec, fermentum fringilla, vehicula vitae, justo.\r\n\r\nCurabitur bibendum justo non orci. Quis autem vel eum iure reprehenderit qui in ea voluptate velit esse quam nihil molestiae consequatur, vel illum qui dolorem eum fugiat quo voluptas nulla pariatur? Nullam eget nisl. Duis pulvinar. Praesent id justo in neque elementum ultrices. Fusce tellus odio, dapibus id fermentum quis, suscipit id erat. Ut enim ad minim veniam, quis nostrud exercitation ullamco laboris nisi ut aliquip ex ea commodo consequat. In laoreet, magna id viverra tincidunt, sem odio bibendum justo, vel imperdiet sapien wisi sed libero. Quisque porta. Nam libero tempore, cum soluta nobis est eligendi optio cumque nihil impedit quo minus id quod maxime placeat facere possimus, omnis voluptas assumenda est, omnis dolor repellendus. Cum sociis natoque penatibus et magnis dis parturient montes, nascetur ridiculus mus. Etiam commodo dui eget wisi. Fusce suscipit libero eget elit. Praesent vitae arcu tempor neque lacinia pretium. Cras elementum.\r\n\r\nDuis viverra diam non justo. In enim a arcu imperdiet malesuada. Class aptent taciti sociosqu ad litora torquent per conubia nostra, per inceptos hymenaeos. Etiam bibendum elit eget erat. Curabitur vitae diam non enim vestibulum interdum. Maecenas libero. Nullam lectus justo, vulputate eget mollis sed, tempor sed magna. Fusce nibh. Cum sociis natoque penatibus et magnis dis parturient montes, nascetur ridiculus mus. Nulla turpis magna, cursus sit amet, suscipit a, interdum id, felis. Aliquam ante. Curabitur vitae diam non enim vestibulum interdum. Ut tempus purus at lorem. Praesent in mauris eu tortor porttitor accumsan. Aliquam erat volutpat.\r\n\r\nNunc dapibus tortor vel mi dapibus sollicitudin. Sed vel lectus. Donec odio tempus molestie, porttitor ut, iaculis quis, sem. Suspendisse sagittis ultrices augue. Quisque porta. Nullam eget nisl. Etiam sapien elit, consequat eget, tristique non, venenatis quis, ante. Mauris suscipit, ligula sit amet pharetra semper, nibh ante cursus purus, vel sagittis velit mauris vel metus. Nullam sapien sem, ornare ac, nonummy non, lobortis a enim. Curabitur sagittis hendrerit ante. Integer lacinia. Nullam lectus justo, vulputate eget mollis sed, tempor sed magna.', 1),
(7, 'WordPress', 'photo_6.jpg', '', 72, 'Duis viverra diam non justo. In enim a arcu imperdiet malesuada. Class aptent taciti sociosqu ad litora torquent per conubia nostra, per inceptos hymenaeos. Etiam bibendum elit eget erat. Curabitur vitae diam non enim vestibulum interdum. Maecenas libero. Nullam lectus justo, vulputate eget mollis sed, tempor sed magna. Fusce nibh. Cum sociis natoque penatibus et magnis dis parturient montes, nascetur ridiculus mus. Nulla turpis magna, cursus sit amet, suscipit a, interdum id, felis. Aliquam ante. Curabitur vitae diam non enim vestibulum interdum. Ut tempus purus at lorem. Praesent in mauris eu tortor porttitor accumsan. Aliquam erat volutpat.\r\n\r\nNunc dapibus tortor vel mi dapibus sollicitudin. Sed vel lectus. Donec odio tempus molestie, porttitor ut, iaculis quis, sem. Suspendisse sagittis ultrices augue. Quisque porta. Nullam eget nisl. Etiam sapien elit, consequat eget, tristique non, venenatis quis, ante. Mauris suscipit, ligula sit amet pharetra semper, nibh ante cursus purus, vel sagittis velit mauris vel metus. Nullam sapien sem, ornare ac, nonummy non, lobortis a enim. Curabitur sagittis hendrerit ante. Integer lacinia. Nullam lectus justo, vulputate eget mollis sed, tempor sed magna.\r\n\r\nPhasellus enim erat, vestibulum vel, aliquam a, posuere eu, velit. Fusce tellus odio, dapibus id fermentum quis, suscipit id erat. Pellentesque ipsum. Nullam eget nisl. Fusce consectetuer risus a nunc. Nullam justo enim, consectetuer nec, ullamcorper ac, vestibulum in, elit. Proin mattis lacinia justo. In sem justo, commodo ut, suscipit at, pharetra vitae, orci. Pellentesque habitant morbi tristique senectus et netus et malesuada fames ac turpis egestas. Nullam at arcu a est sollicitudin euismod. Aenean vel massa quis mauris vehicula lacinia. Suspendisse sagittis ultrices augue. Duis viverra diam non justo. Mauris dictum facilisis augue. Donec iaculis gravida nulla.\r\n\r\nNemo enim ipsam voluptatem quia voluptas sit aspernatur aut odit aut fugit, sed quia consequuntur magni dolores eos qui ratione voluptatem sequi nesciunt. Nulla non lectus sed nisl molestie malesuada. Suspendisse nisl. Ut tempus purus at lorem. Quisque tincidunt scelerisque libero. Maecenas fermentum, sem in pharetra pellentesque, velit turpis volutpat ante, in pharetra metus odio a lectus. Nulla non arcu lacinia neque faucibus fringilla. Mauris metus. Nullam lectus justo, vulputate eget mollis sed, tempor sed magna. Sed vel lectus. Donec odio tempus molestie, porttitor ut, iaculis quis, sem. Phasellus enim erat, vestibulum vel, aliquam a, posuere eu, velit. Fusce aliquam vestibulum ipsum. Nulla turpis magna, cursus sit amet, suscipit a, interdum id, felis. Class aptent taciti sociosqu ad litora torquent per conubia nostra, per inceptos hymenaeos. Curabitur sagittis hendrerit ante. Praesent dapibus.\r\n\r\nMauris tincidunt sem sed arcu. In sem justo, commodo ut, suscipit at, pharetra vitae, orci. Mauris tincidunt sem sed arcu. Nullam rhoncus aliquam metus. Vestibulum erat nulla, ullamcorper nec, rutrum non, nonummy ac, erat. Quisque porta. In sem justo, commodo ut, suscipit at, pharetra vitae, orci. Nullam faucibus mi quis velit. Fusce suscipit libero eget elit. Aenean placerat. Praesent vitae arcu tempor neque lacinia pretium. Aliquam erat volutpat. Pellentesque ipsum. Cras pede libero, dapibus nec, pretium sit amet, tempor quis. Nulla accumsan, elit sit amet varius semper, nulla mauris mollis quam, tempor suscipit diam nulla vel leo.\r\n\r\nNunc auctor. Proin in tellus sit amet nibh dignissim sagittis. Fusce nibh. Integer imperdiet lectus quis justo. Nulla non lectus sed nisl molestie malesuada. Vestibulum fermentum tortor id mi. Integer tempor. Pellentesque habitant morbi tristique senectus et netus et malesuada fames ac turpis egestas. Maecenas ipsum velit, consectetuer eu lobortis ut, dictum at dui. Nulla accumsan, elit sit amet varius semper, nulla mauris mollis quam, tempor suscipit diam nulla vel leo. Morbi leo mi, nonummy eget tristique non, rhoncus non leo. Praesent in mauris eu tortor porttitor accumsan. Morbi imperdiet, mauris ac auctor dictum, nisl ligula egestas nulla, et sollicitudin sem purus in lacus. Fusce suscipit libero eget elit.', 2),
(8, 'Economy', 'photo_3.jpg', '', 336, 'Duis viverra diam non justo. In enim a arcu imperdiet malesuada. Class aptent taciti sociosqu ad litora torquent per conubia nostra, per inceptos hymenaeos. Etiam bibendum elit eget erat. Curabitur vitae diam non enim vestibulum interdum. Maecenas libero. Nullam lectus justo, vulputate eget mollis sed, tempor sed magna. Fusce nibh. Cum sociis natoque penatibus et magnis dis parturient montes, nascetur ridiculus mus. Nulla turpis magna, cursus sit amet, suscipit a, interdum id, felis. Aliquam ante. Curabitur vitae diam non enim vestibulum interdum. Ut tempus purus at lorem. Praesent in mauris eu tortor porttitor accumsan. Aliquam erat volutpat.\r\n\r\nNunc dapibus tortor vel mi dapibus sollicitudin. Sed vel lectus. Donec odio tempus molestie, porttitor ut, iaculis quis, sem. Suspendisse sagittis ultrices augue. Quisque porta. Nullam eget nisl. Etiam sapien elit, consequat eget, tristique non, venenatis quis, ante. Mauris suscipit, ligula sit amet pharetra semper, nibh ante cursus purus, vel sagittis velit mauris vel metus. Nullam sapien sem, ornare ac, nonummy non, lobortis a enim. Curabitur sagittis hendrerit ante. Integer lacinia. Nullam lectus justo, vulputate eget mollis sed, tempor sed magna.\r\n\r\nPhasellus enim erat, vestibulum vel, aliquam a, posuere eu, velit. Fusce tellus odio, dapibus id fermentum quis, suscipit id erat. Pellentesque ipsum. Nullam eget nisl. Fusce consectetuer risus a nunc. Nullam justo enim, consectetuer nec, ullamcorper ac, vestibulum in, elit. Proin mattis lacinia justo. In sem justo, commodo ut, suscipit at, pharetra vitae, orci. Pellentesque habitant morbi tristique senectus et netus et malesuada fames ac turpis egestas. Nullam at arcu a est sollicitudin euismod. Aenean vel massa quis mauris vehicula lacinia. Suspendisse sagittis ultrices augue. Duis viverra diam non justo. Mauris dictum facilisis augue. Donec iaculis gravida nulla.\r\n\r\nNemo enim ipsam voluptatem quia voluptas sit aspernatur aut odit aut fugit, sed quia consequuntur magni dolores eos qui ratione voluptatem sequi nesciunt. Nulla non lectus sed nisl molestie malesuada. Suspendisse nisl. Ut tempus purus at lorem. Quisque tincidunt scelerisque libero. Maecenas fermentum, sem in pharetra pellentesque, velit turpis volutpat ante, in pharetra metus odio a lectus. Nulla non arcu lacinia neque faucibus fringilla. Mauris metus. Nullam lectus justo, vulputate eget mollis sed, tempor sed magna. Sed vel lectus. Donec odio tempus molestie, porttitor ut, iaculis quis, sem. Phasellus enim erat, vestibulum vel, aliquam a, posuere eu, velit. Fusce aliquam vestibulum ipsum. Nulla turpis magna, cursus sit amet, suscipit a, interdum id, felis. Class aptent taciti sociosqu ad litora torquent per conubia nostra, per inceptos hymenaeos. Curabitur sagittis hendrerit ante. Praesent dapibus.\r\n\r\nMauris tincidunt sem sed arcu. In sem justo, commodo ut, suscipit at, pharetra vitae, orci. Mauris tincidunt sem sed arcu. Nullam rhoncus aliquam metus. Vestibulum erat nulla, ullamcorper nec, rutrum non, nonummy ac, erat. Quisque porta. In sem justo, commodo ut, suscipit at, pharetra vitae, orci. Nullam faucibus mi quis velit. Fusce suscipit libero eget elit. Aenean placerat. Praesent vitae arcu tempor neque lacinia pretium. Aliquam erat volutpat. Pellentesque ipsum. Cras pede libero, dapibus nec, pretium sit amet, tempor quis. Nulla accumsan, elit sit amet varius semper, nulla mauris mollis quam, tempor suscipit diam nulla vel leo.\r\n\r\nNunc auctor. Proin in tellus sit amet nibh dignissim sagittis. Fusce nibh. Integer imperdiet lectus quis justo. Nulla non lectus sed nisl molestie malesuada. Vestibulum fermentum tortor id mi. Integer tempor. Pellentesque habitant morbi tristique senectus et netus et malesuada fames ac turpis egestas. Maecenas ipsum velit, consectetuer eu lobortis ut, dictum at dui. Nulla accumsan, elit sit amet varius semper, nulla mauris mollis quam, tempor suscipit diam nulla vel leo. Morbi leo mi, nonummy eget tristique non, rhoncus non leo. Praesent in mauris eu tortor porttitor accumsan. Morbi imperdiet, mauris ac auctor dictum, nisl ligula egestas nulla, et sollicitudin sem purus in lacus. Fusce suscipit libero eget elit.', 3),
(12, 'Drawing', 'photo_6.jpg', '', 116, 'Lorem ipsum dolor sit amet, consectetuer adipiscing elit. Integer malesuada. Pellentesque ipsum. Aliquam erat volutpat. Duis pulvinar. Donec iaculis gravida nulla. Et harum quidem rerum facilis est et expedita distinctio. Duis viverra diam non justo. Donec quis nibh at felis congue commodo. Vivamus porttitor turpis ac leo. Excepteur sint occaecat cupidatat non proident, sunt in culpa qui officia deserunt mollit anim id est laborum. Aliquam in lorem sit amet leo accumsan lacinia. Maecenas ipsum velit, consectetuer eu lobortis ut, dictum at dui. Mauris dictum facilisis augue. Nullam rhoncus aliquam metus.\r\n\r\nFusce nibh. Mauris dolor felis, sagittis at, luctus sed, aliquam non, tellus. Integer malesuada. Aenean placerat. Sed convallis magna eu sem. Proin mattis lacinia justo. Praesent in mauris eu tortor porttitor accumsan. Aliquam ante. Suspendisse nisl. Nulla non arcu lacinia neque faucibus fringilla. Duis risus. Aliquam id dolor. Nunc tincidunt ante vitae massa. Vivamus luctus egestas leo. Duis pulvinar. Duis aute irure dolor in reprehenderit in voluptate velit esse cillum dolore eu fugiat nulla pariatur. Nullam feugiat, turpis at pulvinar vulputate, erat libero tristique tellus, nec bibendum odio risus sit amet ante. Phasellus faucibus molestie nisl. Etiam neque.\r\n\r\nNulla turpis magna, cursus sit amet, suscipit a, interdum id, felis. In rutrum. Etiam egestas wisi a erat. Sed ac dolor sit amet purus malesuada congue. Fusce tellus odio, dapibus id fermentum quis, suscipit id erat. Integer pellentesque quam vel velit. Class aptent taciti sociosqu ad litora torquent per conubia nostra, per inceptos hymenaeos. Mauris suscipit, ligula sit amet pharetra semper, nibh ante cursus purus, vel sagittis velit mauris vel metus. Etiam commodo dui eget wisi. Aenean fermentum risus id tortor. Mauris suscipit, ligula sit amet pharetra semper, nibh ante cursus purus, vel sagittis velit mauris vel metus. Praesent vitae arcu tempor neque lacinia pretium. Fusce wisi. Nam libero tempore, cum soluta nobis est eligendi optio cumque nihil impedit quo minus id quod maxime placeat facere possimus, omnis voluptas assumenda est, omnis dolor repellendus. Duis aute irure dolor in reprehenderit in voluptate velit esse cillum dolore eu fugiat nulla pariatur. Quisque porta. Duis ante orci, molestie vitae vehicula venenatis, tincidunt ac pede. Suspendisse nisl.\r\n\r\nAliquam erat volutpat. In rutrum. Nulla turpis magna, cursus sit amet, suscipit a, interdum id, felis. Excepteur sint occaecat cupidatat non proident, sunt in culpa qui officia deserunt mollit anim id est laborum. Mauris suscipit, ligula sit amet pharetra semper, nibh ante cursus purus, vel sagittis velit mauris vel metus. Donec iaculis gravida nulla. Nulla pulvinar eleifend sem. Suspendisse sagittis ultrices augue. Pellentesque pretium lectus id turpis. Integer tempor. Nullam at arcu a est sollicitudin euismod. Nullam dapibus fermentum ipsum. Nulla est. Curabitur vitae diam non enim vestibulum interdum. Vestibulum fermentum tortor id mi. Mauris suscipit, ligula sit amet pharetra semper, nibh ante cursus purus, vel sagittis velit mauris vel metus.\r\n\r\nNam quis nulla. Curabitur sagittis hendrerit ante. Morbi imperdiet, mauris ac auctor dictum, nisl ligula egestas nulla, et sollicitudin sem purus in lacus. Phasellus et lorem id felis nonummy placerat. Maecenas aliquet accumsan leo. Curabitur sagittis hendrerit ante. Aliquam erat volutpat. Donec ipsum massa, ullamcorper in, auctor et, scelerisque sed, est. Nullam justo enim, consectetuer nec, ullamcorper ac, vestibulum in, elit. Pellentesque sapien. Nulla non arcu lacinia neque faucibus fringilla. Nulla pulvinar eleifend sem. Integer tempor. Duis sapien nunc, commodo et, interdum suscipit, sollicitudin et, dolor. Quis autem vel eum iure reprehenderit qui in ea voluptate velit esse quam nihil molestiae consequatur, vel illum qui dolorem eum fugiat quo voluptas nulla pariatur? Proin pede metus, vulputate nec, fermentum fringilla, vehicula vitae, justo.\r\n\r\nCurabitur bibendum justo non orci. Quis autem vel eum iure reprehenderit qui in ea voluptate velit esse quam nihil molestiae consequatur, vel illum qui dolorem eum fugiat quo voluptas nulla pariatur? Nullam eget nisl. Duis pulvinar. Praesent id justo in neque elementum ultrices. Fusce tellus odio, dapibus id fermentum quis, suscipit id erat. Ut enim ad minim veniam, quis nostrud exercitation ullamco laboris nisi ut aliquip ex ea commodo consequat. In laoreet, magna id viverra tincidunt, sem odio bibendum justo, vel imperdiet sapien wisi sed libero. Quisque porta. Nam libero tempore, cum soluta nobis est eligendi optio cumque nihil impedit quo minus id quod maxime placeat facere possimus, omnis voluptas assumenda est, omnis dolor repellendus. Cum sociis natoque penatibus et magnis dis parturient montes, nascetur ridiculus mus. Etiam commodo dui eget wisi. Fusce suscipit libero eget elit. Praesent vitae arcu tempor neque lacinia pretium. Cras elementum.\r\n\r\nDuis viverra diam non justo. In enim a arcu imperdiet malesuada. Class aptent taciti sociosqu ad litora torquent per conubia nostra, per inceptos hymenaeos. Etiam bibendum elit eget erat. Curabitur vitae diam non enim vestibulum interdum. Maecenas libero. Nullam lectus justo, vulputate eget mollis sed, tempor sed magna. Fusce nibh. Cum sociis natoque penatibus et magnis dis parturient montes, nascetur ridiculus mus. Nulla turpis magna, cursus sit amet, suscipit a, interdum id, felis. Aliquam ante. Curabitur vitae diam non enim vestibulum interdum. Ut tempus purus at lorem. Praesent in mauris eu tortor porttitor accumsan. Aliquam erat volutpat.\r\n\r\nNunc dapibus tortor vel mi dapibus sollicitudin. Sed vel lectus. Donec odio tempus molestie, porttitor ut, iaculis quis, sem. Suspendisse sagittis ultrices augue. Quisque porta. Nullam eget nisl. Etiam sapien elit, consequat eget, tristique non, venenatis quis, ante. Mauris suscipit, ligula sit amet pharetra semper, nibh ante cursus purus, vel sagittis velit mauris vel metus. Nullam sapien sem, ornare ac, nonummy non, lobortis a enim. Curabitur sagittis hendrerit ante. Integer lacinia. Nullam lectus justo, vulputate eget mollis sed, tempor sed magna.\r\n\r\nPhasellus enim erat, vestibulum vel, aliquam a, posuere eu, velit. Fusce tellus odio, dapibus id fermentum quis, suscipit id erat. Pellentesque ipsum. Nullam eget nisl. Fusce consectetuer risus a nunc. Nullam justo enim, consectetuer nec, ullamcorper ac, vestibulum in, elit. Proin mattis lacinia justo. In sem justo, commodo ut, suscipit at, pharetra vitae, orci. Pellentesque habitant morbi tristique senectus et netus et malesuada fames ac turpis egestas. Nullam at arcu a est sollicitudin euismod. Aenean vel massa quis mauris vehicula lacinia. Suspendisse sagittis ultrices augue. Duis viverra diam non justo. Mauris dictum facilisis augue. Donec iaculis gravida nulla.\r\n\r\nNemo enim ipsam voluptatem quia voluptas sit aspernatur aut odit aut fugit, sed quia consequuntur magni dolores eos qui ratione voluptatem sequi nesciunt. Nulla non lectus sed nisl molestie malesuada. Suspendisse nisl. Ut tempus purus at lorem. Quisque tincidunt scelerisque libero. Maecenas fermentum, sem in pharetra pellentesque, velit turpis volutpat ante, in pharetra metus odio a lectus. Nulla non arcu lacinia neque faucibus fringilla. Mauris metus. Nullam lectus justo, vulputate eget mollis sed, tempor sed magna. Sed vel lectus. Donec odio tempus molestie, porttitor ut, iaculis quis, sem. Phasellus enim erat, vestibulum vel, aliquam a, posuere eu, velit. Fusce aliquam vestibulum ipsum. Nulla turpis magna, cursus sit amet, suscipit a, interdum id, felis. Class aptent taciti sociosqu ad litora torquent per conubia nostra, per inceptos hymenaeos. Curabitur sagittis hendrerit ante. Praesent dapibus.\r\n\r\nMauris tincidunt sem sed arcu. In sem justo, commodo ut, suscipit at, pharetra vitae, orci. Mauris tincidunt sem sed arcu. Nullam rhoncus aliquam metus. Vestibulum erat nulla, ullamcorper nec, rutrum non, nonummy ac, erat. Quisque porta. In sem justo, commodo ut, suscipit at, pharetra vitae, orci. Nullam faucibus mi quis velit. Fusce suscipit libero eget elit. Aenean placerat. Praesent vitae arcu tempor neque lacinia pretium. Aliquam erat volutpat. Pellentesque ipsum. Cras pede libero, dapibus nec, pretium sit amet, tempor quis. Nulla accumsan, elit sit amet varius semper, nulla mauris mollis quam, tempor suscipit diam nulla vel leo.\r\n\r\nNunc auctor. Proin in tellus sit amet nibh dignissim sagittis. Fusce nibh. Integer imperdiet lectus quis justo. Nulla non lectus sed nisl molestie malesuada. Vestibulum fermentum tortor id mi. Integer tempor. Pellentesque habitant morbi tristique senectus et netus et malesuada fames ac turpis egestas. Maecenas ipsum velit, consectetuer eu lobortis ut, dictum at dui. Nulla accumsan, elit sit amet varius semper, nulla mauris mollis quam, tempor suscipit diam nulla vel leo. Morbi leo mi, nonummy eget tristique non, rhoncus non leo. Praesent in mauris eu tortor porttitor accumsan. Morbi imperdiet, mauris ac auctor dictum, nisl ligula egestas nulla, et sollicitudin sem purus in lacus. Fusce suscipit libero eget elit', 4),
(13, 'Painting', '1533214884.png', '', 89, 'Nulla turpis magna, cursus sit amet, suscipit a, interdum id, felis. In rutrum. Etiam egestas wisi a erat. Sed ac dolor sit amet purus malesuada congue. Fusce tellus odio, dapibus id fermentum quis, suscipit id erat. Integer pellentesque quam vel velit. Class aptent taciti sociosqu ad litora torquent per conubia nostra, per inceptos hymenaeos. Mauris suscipit, ligula sit amet pharetra semper, nibh ante cursus purus, vel sagittis velit mauris vel metus. Etiam commodo dui eget wisi. Aenean fermentum risus id tortor. Mauris suscipit, ligula sit amet pharetra semper, nibh ante cursus purus, vel sagittis velit mauris vel metus. Praesent vitae arcu tempor neque lacinia pretium. Fusce wisi. Nam libero tempore, cum soluta nobis est eligendi optio cumque nihil impedit quo minus id quod maxime placeat facere possimus, omnis voluptas assumenda est, omnis dolor repellendus. Duis aute irure dolor in reprehenderit in voluptate velit esse cillum dolore eu fugiat nulla pariatur. Quisque porta. Duis ante orci, molestie vitae vehicula venenatis, tincidunt ac pede. Suspendisse nisl.\r\n\r\nAliquam erat volutpat. In rutrum. Nulla turpis magna, cursus sit amet, suscipit a, interdum id, felis. Excepteur sint occaecat cupidatat non proident, sunt in culpa qui officia deserunt mollit anim id est laborum. Mauris suscipit, ligula sit amet pharetra semper, nibh ante cursus purus, vel sagittis velit mauris vel metus. Donec iaculis gravida nulla. Nulla pulvinar eleifend sem. Suspendisse sagittis ultrices augue. Pellentesque pretium lectus id turpis. Integer tempor. Nullam at arcu a est sollicitudin euismod. Nullam dapibus fermentum ipsum. Nulla est. Curabitur vitae diam non enim vestibulum interdum. Vestibulum fermentum tortor id mi. Mauris suscipit, ligula sit amet pharetra semper, nibh ante cursus purus, vel sagittis velit mauris vel metus.\r\n\r\nNam quis nulla. Curabitur sagittis hendrerit ante. Morbi imperdiet, mauris ac auctor dictum, nisl ligula egestas nulla, et sollicitudin sem purus in lacus. Phasellus et lorem id felis nonummy placerat. Maecenas aliquet accumsan leo. Curabitur sagittis hendrerit ante. Aliquam erat volutpat. Donec ipsum massa, ullamcorper in, auctor et, scelerisque sed, est. Nullam justo enim, consectetuer nec, ullamcorper ac, vestibulum in, elit. Pellentesque sapien. Nulla non arcu lacinia neque faucibus fringilla. Nulla pulvinar eleifend sem. Integer tempor. Duis sapien nunc, commodo et, interdum suscipit, sollicitudin et, dolor. Quis autem vel eum iure reprehenderit qui in ea voluptate velit esse quam nihil molestiae consequatur, vel illum qui dolorem eum fugiat quo voluptas nulla pariatur? Proin pede metus, vulputate nec, fermentum fringilla, vehicula vitae, justo.\r\n\r\nCurabitur bibendum justo non orci. Quis autem vel eum iure reprehenderit qui in ea voluptate velit esse quam nihil molestiae consequatur, vel illum qui dolorem eum fugiat quo voluptas nulla pariatur? Nullam eget nisl. Duis pulvinar. Praesent id justo in neque elementum ultrices. Fusce tellus odio, dapibus id fermentum quis, suscipit id erat. Ut enim ad minim veniam, quis nostrud exercitation ullamco laboris nisi ut aliquip ex ea commodo consequat. In laoreet, magna id viverra tincidunt, sem odio bibendum justo, vel imperdiet sapien wisi sed libero. Quisque porta. Nam libero tempore, cum soluta nobis est eligendi optio cumque nihil impedit quo minus id quod maxime placeat facere possimus, omnis voluptas assumenda est, omnis dolor repellendus. Cum sociis natoque penatibus et magnis dis parturient montes, nascetur ridiculus mus. Etiam commodo dui eget wisi. Fusce suscipit libero eget elit. Praesent vitae arcu tempor neque lacinia pretium. Cras elementum.\r\n\r\nDuis viverra diam non justo. In enim a arcu imperdiet malesuada. Class aptent taciti sociosqu ad litora torquent per conubia nostra, per inceptos hymenaeos. Etiam bibendum elit eget erat. Curabitur vitae diam non enim vestibulum interdum. Maecenas libero. Nullam lectus justo, vulputate eget mollis sed, tempor sed magna. Fusce nibh. Cum sociis natoque penatibus et magnis dis parturient montes, nascetur ridiculus mus. Nulla turpis magna, cursus sit amet, suscipit a, interdum id, felis. Aliquam ante. Curabitur vitae diam non enim vestibulum interdum. Ut tempus purus at lorem. Praesent in mauris eu tortor porttitor accumsan. Aliquam erat volutpat.\r\n\r\nNunc dapibus tortor vel mi dapibus sollicitudin. Sed vel lectus. Donec odio tempus molestie, porttitor ut, iaculis quis, sem. Suspendisse sagittis ultrices augue. Quisque porta. Nullam eget nisl. Etiam sapien elit, consequat eget, tristique non, venenatis quis, ante. Mauris suscipit, ligula sit amet pharetra semper, nibh ante cursus purus, vel sagittis velit mauris vel metus. Nullam sapien sem, ornare ac, nonummy non, lobortis a enim. Curabitur sagittis hendrerit ante. Integer lacinia. Nullam lectus justo, vulputate eget mollis sed, tempor sed magna.\r\n\r\nPhasellus enim erat, vestibulum vel, aliquam a, posuere eu, velit. Fusce tellus odio, dapibus id fermentum quis, suscipit id erat. Pellentesque ipsum. Nullam eget nisl. Fusce consectetuer risus a nunc. Nullam justo enim, consectetuer nec, ullamcorper ac, vestibulum in, elit. Proin mattis lacinia justo. In sem justo, commodo ut, suscipit at, pharetra vitae, orci. Pellentesque habitant morbi tristique senectus et netus et malesuada fames ac turpis egestas. Nullam at arcu a est sollicitudin euismod. Aenean vel massa quis mauris vehicula lacinia. Suspendisse sagittis ultrices augue. Duis viverra diam non justo. Mauris dictum facilisis augue. Donec iaculis gravida nulla.', 4),
(15, 'Movies', 'photo_6.jpg', '', 778, 'Nulla turpis magna, cursus sit amet, suscipit a, interdum id, felis. In rutrum. Etiam egestas wisi a erat. Sed ac dolor sit amet purus malesuada congue. Fusce tellus odio, dapibus id fermentum quis, suscipit id erat. Integer pellentesque quam vel velit. Class aptent taciti sociosqu ad litora torquent per conubia nostra, per inceptos hymenaeos. Mauris suscipit, ligula sit amet pharetra semper, nibh ante cursus purus, vel sagittis velit mauris vel metus. Etiam commodo dui eget wisi. Aenean fermentum risus id tortor. Mauris suscipit, ligula sit amet pharetra semper, nibh ante cursus purus, vel sagittis velit mauris vel metus. Praesent vitae arcu tempor neque lacinia pretium. Fusce wisi. Nam libero tempore, cum soluta nobis est eligendi optio cumque nihil impedit quo minus id quod maxime placeat facere possimus, omnis voluptas assumenda est, omnis dolor repellendus. Duis aute irure dolor in reprehenderit in voluptate velit esse cillum dolore eu fugiat nulla pariatur. Quisque porta. Duis ante orci, molestie vitae vehicula venenatis, tincidunt ac pede. Suspendisse nisl.\r\n\r\nAliquam erat volutpat. In rutrum. Nulla turpis magna, cursus sit amet, suscipit a, interdum id, felis. Excepteur sint occaecat cupidatat non proident, sunt in culpa qui officia deserunt mollit anim id est laborum. Mauris suscipit, ligula sit amet pharetra semper, nibh ante cursus purus, vel sagittis velit mauris vel metus. Donec iaculis gravida nulla. Nulla pulvinar eleifend sem. Suspendisse sagittis ultrices augue. Pellentesque pretium lectus id turpis. Integer tempor. Nullam at arcu a est sollicitudin euismod. Nullam dapibus fermentum ipsum. Nulla est. Curabitur vitae diam non enim vestibulum interdum. Vestibulum fermentum tortor id mi. Mauris suscipit, ligula sit amet pharetra semper, nibh ante cursus purus, vel sagittis velit mauris vel metus.\r\n\r\nNam quis nulla. Curabitur sagittis hendrerit ante. Morbi imperdiet, mauris ac auctor dictum, nisl ligula egestas nulla, et sollicitudin sem purus in lacus. Phasellus et lorem id felis nonummy placerat. Maecenas aliquet accumsan leo. Curabitur sagittis hendrerit ante. Aliquam erat volutpat. Donec ipsum massa, ullamcorper in, auctor et, scelerisque sed, est. Nullam justo enim, consectetuer nec, ullamcorper ac, vestibulum in, elit. Pellentesque sapien. Nulla non arcu lacinia neque faucibus fringilla. Nulla pulvinar eleifend sem. Integer tempor. Duis sapien nunc, commodo et, interdum suscipit, sollicitudin et, dolor. Quis autem vel eum iure reprehenderit qui in ea voluptate velit esse quam nihil molestiae consequatur, vel illum qui dolorem eum fugiat quo voluptas nulla pariatur? Proin pede metus, vulputate nec, fermentum fringilla, vehicula vitae, justo.\r\n\r\nCurabitur bibendum justo non orci. Quis autem vel eum iure reprehenderit qui in ea voluptate velit esse quam nihil molestiae consequatur, vel illum qui dolorem eum fugiat quo voluptas nulla pariatur? Nullam eget nisl. Duis pulvinar. Praesent id justo in neque elementum ultrices. Fusce tellus odio, dapibus id fermentum quis, suscipit id erat. Ut enim ad minim veniam, quis nostrud exercitation ullamco laboris nisi ut aliquip ex ea commodo consequat. In laoreet, magna id viverra tincidunt, sem odio bibendum justo, vel imperdiet sapien wisi sed libero. Quisque porta. Nam libero tempore, cum soluta nobis est eligendi optio cumque nihil impedit quo minus id quod maxime placeat facere possimus, omnis voluptas assumenda est, omnis dolor repellendus. Cum sociis natoque penatibus et magnis dis parturient montes, nascetur ridiculus mus. Etiam commodo dui eget wisi. Fusce suscipit libero eget elit. Praesent vitae arcu tempor neque lacinia pretium. Cras elementum.\r\n\r\nDuis viverra diam non justo. In enim a arcu imperdiet malesuada. Class aptent taciti sociosqu ad litora torquent per conubia nostra, per inceptos hymenaeos. Etiam bibendum elit eget erat. Curabitur vitae diam non enim vestibulum interdum. Maecenas libero. Nullam lectus justo, vulputate eget mollis sed, tempor sed magna. Fusce nibh. Cum sociis natoque penatibus et magnis dis parturient montes, nascetur ridiculus mus. Nulla turpis magna, cursus sit amet, suscipit a, interdum id, felis. Aliquam ante. Curabitur vitae diam non enim vestibulum interdum. Ut tempus purus at lorem. Praesent in mauris eu tortor porttitor accumsan. Aliquam erat volutpat.\r\n\r\nNunc dapibus tortor vel mi dapibus sollicitudin. Sed vel lectus. Donec odio tempus molestie, porttitor ut, iaculis quis, sem. Suspendisse sagittis ultrices augue. Quisque porta. Nullam eget nisl. Etiam sapien elit, consequat eget, tristique non, venenatis quis, ante. Mauris suscipit, ligula sit amet pharetra semper, nibh ante cursus purus, vel sagittis velit mauris vel metus. Nullam sapien sem, ornare ac, nonummy non, lobortis a enim. Curabitur sagittis hendrerit ante. Integer lacinia. Nullam lectus justo, vulputate eget mollis sed, tempor sed magna.\r\n\r\nPhasellus enim erat, vestibulum vel, aliquam a, posuere eu, velit. Fusce tellus odio, dapibus id fermentum quis, suscipit id erat. Pellentesque ipsum. Nullam eget nisl. Fusce consectetuer risus a nunc. Nullam justo enim, consectetuer nec, ullamcorper ac, vestibulum in, elit. Proin mattis lacinia justo. In sem justo, commodo ut, suscipit at, pharetra vitae, orci. Pellentesque habitant morbi tristique senectus et netus et malesuada fames ac turpis egestas. Nullam at arcu a est sollicitudin euismod. Aenean vel massa quis mauris vehicula lacinia. Suspendisse sagittis ultrices augue. Duis viverra diam non justo. Mauris dictum facilisis augue. Donec iaculis gravida nulla.', -1);
INSERT INTO `predmeti` (`idPredmeta`, `naziv`, `slika`, `materijal`, `cena`, `opis`, `idKategorija`) VALUES
(16, 'Sound', 'photo_4.jpg', '', 588, 'Nulla turpis magna, cursus sit amet, suscipit a, interdum id, felis. In rutrum. Etiam egestas wisi a erat. Sed ac dolor sit amet purus malesuada congue. Fusce tellus odio, dapibus id fermentum quis, suscipit id erat. Integer pellentesque quam vel velit. Class aptent taciti sociosqu ad litora torquent per conubia nostra, per inceptos hymenaeos. Mauris suscipit, ligula sit amet pharetra semper, nibh ante cursus purus, vel sagittis velit mauris vel metus. Etiam commodo dui eget wisi. Aenean fermentum risus id tortor. Mauris suscipit, ligula sit amet pharetra semper, nibh ante cursus purus, vel sagittis velit mauris vel metus. Praesent vitae arcu tempor neque lacinia pretium. Fusce wisi. Nam libero tempore, cum soluta nobis est eligendi optio cumque nihil impedit quo minus id quod maxime placeat facere possimus, omnis voluptas assumenda est, omnis dolor repellendus. Duis aute irure dolor in reprehenderit in voluptate velit esse cillum dolore eu fugiat nulla pariatur. Quisque porta. Duis ante orci, molestie vitae vehicula venenatis, tincidunt ac pede. Suspendisse nisl.\r\n\r\nAliquam erat volutpat. In rutrum. Nulla turpis magna, cursus sit amet, suscipit a, interdum id, felis. Excepteur sint occaecat cupidatat non proident, sunt in culpa qui officia deserunt mollit anim id est laborum. Mauris suscipit, ligula sit amet pharetra semper, nibh ante cursus purus, vel sagittis velit mauris vel metus. Donec iaculis gravida nulla. Nulla pulvinar eleifend sem. Suspendisse sagittis ultrices augue. Pellentesque pretium lectus id turpis. Integer tempor. Nullam at arcu a est sollicitudin euismod. Nullam dapibus fermentum ipsum. Nulla est. Curabitur vitae diam non enim vestibulum interdum. Vestibulum fermentum tortor id mi. Mauris suscipit, ligula sit amet pharetra semper, nibh ante cursus purus, vel sagittis velit mauris vel metus.\r\n\r\nNam quis nulla. Curabitur sagittis hendrerit ante. Morbi imperdiet, mauris ac auctor dictum, nisl ligula egestas nulla, et sollicitudin sem purus in lacus. Phasellus et lorem id felis nonummy placerat. Maecenas aliquet accumsan leo. Curabitur sagittis hendrerit ante. Aliquam erat volutpat. Donec ipsum massa, ullamcorper in, auctor et, scelerisque sed, est. Nullam justo enim, consectetuer nec, ullamcorper ac, vestibulum in, elit. Pellentesque sapien. Nulla non arcu lacinia neque faucibus fringilla. Nulla pulvinar eleifend sem. Integer tempor. Duis sapien nunc, commodo et, interdum suscipit, sollicitudin et, dolor. Quis autem vel eum iure reprehenderit qui in ea voluptate velit esse quam nihil molestiae consequatur, vel illum qui dolorem eum fugiat quo voluptas nulla pariatur? Proin pede metus, vulputate nec, fermentum fringilla, vehicula vitae, justo.\r\n\r\nCurabitur bibendum justo non orci. Quis autem vel eum iure reprehenderit qui in ea voluptate velit esse quam nihil molestiae consequatur, vel illum qui dolorem eum fugiat quo voluptas nulla pariatur? Nullam eget nisl. Duis pulvinar. Praesent id justo in neque elementum ultrices. Fusce tellus odio, dapibus id fermentum quis, suscipit id erat. Ut enim ad minim veniam, quis nostrud exercitation ullamco laboris nisi ut aliquip ex ea commodo consequat. In laoreet, magna id viverra tincidunt, sem odio bibendum justo, vel imperdiet sapien wisi sed libero. Quisque porta. Nam libero tempore, cum soluta nobis est eligendi optio cumque nihil impedit quo minus id quod maxime placeat facere possimus, omnis voluptas assumenda est, omnis dolor repellendus. Cum sociis natoque penatibus et magnis dis parturient montes, nascetur ridiculus mus. Etiam commodo dui eget wisi. Fusce suscipit libero eget elit. Praesent vitae arcu tempor neque lacinia pretium. Cras elementum.\r\n\r\nDuis viverra diam non justo. In enim a arcu imperdiet malesuada. Class aptent taciti sociosqu ad litora torquent per conubia nostra, per inceptos hymenaeos. Etiam bibendum elit eget erat. Curabitur vitae diam non enim vestibulum interdum. Maecenas libero. Nullam lectus justo, vulputate eget mollis sed, tempor sed magna. Fusce nibh. Cum sociis natoque penatibus et magnis dis parturient montes, nascetur ridiculus mus. Nulla turpis magna, cursus sit amet, suscipit a, interdum id, felis. Aliquam ante. Curabitur vitae diam non enim vestibulum interdum. Ut tempus purus at lorem. Praesent in mauris eu tortor porttitor accumsan. Aliquam erat volutpat.\r\n\r\nNunc dapibus tortor vel mi dapibus sollicitudin. Sed vel lectus. Donec odio tempus molestie, porttitor ut, iaculis quis, sem. Suspendisse sagittis ultrices augue. Quisque porta. Nullam eget nisl. Etiam sapien elit, consequat eget, tristique non, venenatis quis, ante. Mauris suscipit, ligula sit amet pharetra semper, nibh ante cursus purus, vel sagittis velit mauris vel metus. Nullam sapien sem, ornare ac, nonummy non, lobortis a enim. Curabitur sagittis hendrerit ante. Integer lacinia. Nullam lectus justo, vulputate eget mollis sed, tempor sed magna.\r\n\r\nPhasellus enim erat, vestibulum vel, aliquam a, posuere eu, velit. Fusce tellus odio, dapibus id fermentum quis, suscipit id erat. Pellentesque ipsum. Nullam eget nisl. Fusce consectetuer risus a nunc. Nullam justo enim, consectetuer nec, ullamcorper ac, vestibulum in, elit. Proin mattis lacinia justo. In sem justo, commodo ut, suscipit at, pharetra vitae, orci. Pellentesque habitant morbi tristique senectus et netus et malesuada fames ac turpis egestas. Nullam at arcu a est sollicitudin euismod. Aenean vel massa quis mauris vehicula lacinia. Suspendisse sagittis ultrices augue. Duis viverra diam non justo. Mauris dictum facilisis augue. Donec iaculis gravida nulla.', 5),
(18, 'Guitar', 'photo_1.jpg', '', 200, 'Nulla turpis magna, cursus sit amet, suscipit a, interdum id, felis. In rutrum. Etiam egestas wisi a erat. Sed ac dolor sit amet purus malesuada congue. Fusce tellus odio, dapibus id fermentum quis, suscipit id erat. Integer pellentesque quam vel velit. Class aptent taciti sociosqu ad litora torquent per conubia nostra, per inceptos hymenaeos. Mauris suscipit, ligula sit amet pharetra semper, nibh ante cursus purus, vel sagittis velit mauris vel metus. Etiam commodo dui eget wisi. Aenean fermentum risus id tortor. Mauris suscipit, ligula sit amet pharetra semper, nibh ante cursus purus, vel sagittis velit mauris vel metus. Praesent vitae arcu tempor neque lacinia pretium. Fusce wisi. Nam libero tempore, cum soluta nobis est eligendi optio cumque nihil impedit quo minus id quod maxime placeat facere possimus, omnis voluptas assumenda est, omnis dolor repellendus. Duis aute irure dolor in reprehenderit in voluptate velit esse cillum dolore eu fugiat nulla pariatur. Quisque porta. Duis ante orci, molestie vitae vehicula venenatis, tincidunt ac pede. Suspendisse nisl.\r\n\r\nAliquam erat volutpat. In rutrum. Nulla turpis magna, cursus sit amet, suscipit a, interdum id, felis. Excepteur sint occaecat cupidatat non proident, sunt in culpa qui officia deserunt mollit anim id est laborum. Mauris suscipit, ligula sit amet pharetra semper, nibh ante cursus purus, vel sagittis velit mauris vel metus. Donec iaculis gravida nulla. Nulla pulvinar eleifend sem. Suspendisse sagittis ultrices augue. Pellentesque pretium lectus id turpis. Integer tempor. Nullam at arcu a est sollicitudin euismod. Nullam dapibus fermentum ipsum. Nulla est. Curabitur vitae diam non enim vestibulum interdum. Vestibulum fermentum tortor id mi. Mauris suscipit, ligula sit amet pharetra semper, nibh ante cursus purus, vel sagittis velit mauris vel metus.\r\n\r\nNam quis nulla. Curabitur sagittis hendrerit ante. Morbi imperdiet, mauris ac auctor dictum, nisl ligula egestas nulla, et sollicitudin sem purus in lacus. Phasellus et lorem id felis nonummy placerat. Maecenas aliquet accumsan leo. Curabitur sagittis hendrerit ante. Aliquam erat volutpat. Donec ipsum massa, ullamcorper in, auctor et, scelerisque sed, est. Nullam justo enim, consectetuer nec, ullamcorper ac, vestibulum in, elit. Pellentesque sapien. Nulla non arcu lacinia neque faucibus fringilla. Nulla pulvinar eleifend sem. Integer tempor. Duis sapien nunc, commodo et, interdum suscipit, sollicitudin et, dolor. Quis autem vel eum iure reprehenderit qui in ea voluptate velit esse quam nihil molestiae consequatur, vel illum qui dolorem eum fugiat quo voluptas nulla pariatur? Proin pede metus, vulputate nec, fermentum fringilla, vehicula vitae, justo.\r\n\r\nCurabitur bibendum justo non orci. Quis autem vel eum iure reprehenderit qui in ea voluptate velit esse quam nihil molestiae consequatur, vel illum qui dolorem eum fugiat quo voluptas nulla pariatur? Nullam eget nisl. Duis pulvinar. Praesent id justo in neque elementum ultrices. Fusce tellus odio, dapibus id fermentum quis, suscipit id erat. Ut enim ad minim veniam, quis nostrud exercitation ullamco laboris nisi ut aliquip ex ea commodo consequat. In laoreet, magna id viverra tincidunt, sem odio bibendum justo, vel imperdiet sapien wisi sed libero. Quisque porta. Nam libero tempore, cum soluta nobis est eligendi optio cumque nihil impedit quo minus id quod maxime placeat facere possimus, omnis voluptas assumenda est, omnis dolor repellendus. Cum sociis natoque penatibus et magnis dis parturient montes, nascetur ridiculus mus. Etiam commodo dui eget wisi. Fusce suscipit libero eget elit. Praesent vitae arcu tempor neque lacinia pretium. Cras elementum.\r\n\r\nDuis viverra diam non justo. In enim a arcu imperdiet malesuada. Class aptent taciti sociosqu ad litora torquent per conubia nostra, per inceptos hymenaeos. Etiam bibendum elit eget erat. Curabitur vitae diam non enim vestibulum interdum. Maecenas libero. Nullam lectus justo, vulputate eget mollis sed, tempor sed magna. Fusce nibh. Cum sociis natoque penatibus et magnis dis parturient montes, nascetur ridiculus mus. Nulla turpis magna, cursus sit amet, suscipit a, interdum id, felis. Aliquam ante. Curabitur vitae diam non enim vestibulum interdum. Ut tempus purus at lorem. Praesent in mauris eu tortor porttitor accumsan. Aliquam erat volutpat.\r\n\r\nNunc dapibus tortor vel mi dapibus sollicitudin. Sed vel lectus. Donec odio tempus molestie, porttitor ut, iaculis quis, sem. Suspendisse sagittis ultrices augue. Quisque porta. Nullam eget nisl. Etiam sapien elit, consequat eget, tristique non, venenatis quis, ante. Mauris suscipit, ligula sit amet pharetra semper, nibh ante cursus purus, vel sagittis velit mauris vel metus. Nullam sapien sem, ornare ac, nonummy non, lobortis a enim. Curabitur sagittis hendrerit ante. Integer lacinia. Nullam lectus justo, vulputate eget mollis sed, tempor sed magna.\r\n\r\nPhasellus enim erat, vestibulum vel, aliquam a, posuere eu, velit. Fusce tellus odio, dapibus id fermentum quis, suscipit id erat. Pellentesque ipsum. Nullam eget nisl. Fusce consectetuer risus a nunc. Nullam justo enim, consectetuer nec, ullamcorper ac, vestibulum in, elit. Proin mattis lacinia justo. In sem justo, commodo ut, suscipit at, pharetra vitae, orci. Pellentesque habitant morbi tristique senectus et netus et malesuada fames ac turpis egestas. Nullam at arcu a est sollicitudin euismod. Aenean vel massa quis mauris vehicula lacinia. Suspendisse sagittis ultrices augue. Duis viverra diam non justo. Mauris dictum facilisis augue. Donec iaculis gravida nulla..', 6),
(20, 'Drums', 'photo_3.jpg', '', 144, 'Nulla turpis magna, cursus sit amet, suscipit a, interdum id, felis. In rutrum. Etiam egestas wisi a erat. Sed ac dolor sit amet purus malesuada congue. Fusce tellus odio, dapibus id fermentum quis, suscipit id erat. Integer pellentesque quam vel velit. Class aptent taciti sociosqu ad litora torquent per conubia nostra, per inceptos hymenaeos. Mauris suscipit, ligula sit amet pharetra semper, nibh ante cursus purus, vel sagittis velit mauris vel metus. Etiam commodo dui eget wisi. Aenean fermentum risus id tortor. Mauris suscipit, ligula sit amet pharetra semper, nibh ante cursus purus, vel sagittis velit mauris vel metus. Praesent vitae arcu tempor neque lacinia pretium. Fusce wisi. Nam libero tempore, cum soluta nobis est eligendi optio cumque nihil impedit quo minus id quod maxime placeat facere possimus, omnis voluptas assumenda est, omnis dolor repellendus. Duis aute irure dolor in reprehenderit in voluptate velit esse cillum dolore eu fugiat nulla pariatur. Quisque porta. Duis ante orci, molestie vitae vehicula venenatis, tincidunt ac pede. Suspendisse nisl.\r\n\r\nAliquam erat volutpat. In rutrum. Nulla turpis magna, cursus sit amet, suscipit a, interdum id, felis. Excepteur sint occaecat cupidatat non proident, sunt in culpa qui officia deserunt mollit anim id est laborum. Mauris suscipit, ligula sit amet pharetra semper, nibh ante cursus purus, vel sagittis velit mauris vel metus. Donec iaculis gravida nulla. Nulla pulvinar eleifend sem. Suspendisse sagittis ultrices augue. Pellentesque pretium lectus id turpis. Integer tempor. Nullam at arcu a est sollicitudin euismod. Nullam dapibus fermentum ipsum. Nulla est. Curabitur vitae diam non enim vestibulum interdum. Vestibulum fermentum tortor id mi. Mauris suscipit, ligula sit amet pharetra semper, nibh ante cursus purus, vel sagittis velit mauris vel metus.\r\n\r\nNam quis nulla. Curabitur sagittis hendrerit ante. Morbi imperdiet, mauris ac auctor dictum, nisl ligula egestas nulla, et sollicitudin sem purus in lacus. Phasellus et lorem id felis nonummy placerat. Maecenas aliquet accumsan leo. Curabitur sagittis hendrerit ante. Aliquam erat volutpat. Donec ipsum massa, ullamcorper in, auctor et, scelerisque sed, est. Nullam justo enim, consectetuer nec, ullamcorper ac, vestibulum in, elit. Pellentesque sapien. Nulla non arcu lacinia neque faucibus fringilla. Nulla pulvinar eleifend sem. Integer tempor. Duis sapien nunc, commodo et, interdum suscipit, sollicitudin et, dolor. Quis autem vel eum iure reprehenderit qui in ea voluptate velit esse quam nihil molestiae consequatur, vel illum qui dolorem eum fugiat quo voluptas nulla pariatur? Proin pede metus, vulputate nec, fermentum fringilla, vehicula vitae, justo.\r\n\r\nCurabitur bibendum justo non orci. Quis autem vel eum iure reprehenderit qui in ea voluptate velit esse quam nihil molestiae consequatur, vel illum qui dolorem eum fugiat quo voluptas nulla pariatur? Nullam eget nisl. Duis pulvinar. Praesent id justo in neque elementum ultrices. Fusce tellus odio, dapibus id fermentum quis, suscipit id erat. Ut enim ad minim veniam, quis nostrud exercitation ullamco laboris nisi ut aliquip ex ea commodo consequat. In laoreet, magna id viverra tincidunt, sem odio bibendum justo, vel imperdiet sapien wisi sed libero. Quisque porta. Nam libero tempore, cum soluta nobis est eligendi optio cumque nihil impedit quo minus id quod maxime placeat facere possimus, omnis voluptas assumenda est, omnis dolor repellendus. Cum sociis natoque penatibus et magnis dis parturient montes, nascetur ridiculus mus. Etiam commodo dui eget wisi. Fusce suscipit libero eget elit. Praesent vitae arcu tempor neque lacinia pretium. Cras elementum.\r\n\r\nDuis viverra diam non justo. In enim a arcu imperdiet malesuada. Class aptent taciti sociosqu ad litora torquent per conubia nostra, per inceptos hymenaeos. Etiam bibendum elit eget erat. Curabitur vitae diam non enim vestibulum interdum. Maecenas libero. Nullam lectus justo, vulputate eget mollis sed, tempor sed magna. Fusce nibh. Cum sociis natoque penatibus et magnis dis parturient montes, nascetur ridiculus mus. Nulla turpis magna, cursus sit amet, suscipit a, interdum id, felis. Aliquam ante. Curabitur vitae diam non enim vestibulum interdum. Ut tempus purus at lorem. Praesent in mauris eu tortor porttitor accumsan. Aliquam erat volutpat.\r\n\r\nNunc dapibus tortor vel mi dapibus sollicitudin. Sed vel lectus. Donec odio tempus molestie, porttitor ut, iaculis quis, sem. Suspendisse sagittis ultrices augue. Quisque porta. Nullam eget nisl. Etiam sapien elit, consequat eget, tristique non, venenatis quis, ante. Mauris suscipit, ligula sit amet pharetra semper, nibh ante cursus purus, vel sagittis velit mauris vel metus. Nullam sapien sem, ornare ac, nonummy non, lobortis a enim. Curabitur sagittis hendrerit ante. Integer lacinia. Nullam lectus justo, vulputate eget mollis sed, tempor sed magna.\r\n\r\nPhasellus enim erat, vestibulum vel, aliquam a, posuere eu, velit. Fusce tellus odio, dapibus id fermentum quis, suscipit id erat. Pellentesque ipsum. Nullam eget nisl. Fusce consectetuer risus a nunc. Nullam justo enim, consectetuer nec, ullamcorper ac, vestibulum in, elit. Proin mattis lacinia justo. In sem justo, commodo ut, suscipit at, pharetra vitae, orci. Pellentesque habitant morbi tristique senectus et netus et malesuada fames ac turpis egestas. Nullam at arcu a est sollicitudin euismod. Aenean vel massa quis mauris vehicula lacinia. Suspendisse sagittis ultrices augue. Duis viverra diam non justo. Mauris dictum facilisis augue. Donec iaculis gravida nulla.', 6),
(22, 'PHP programming', '1533212272.png', '', 225, 'Lorem ipsum dolor sit amet, consectetur adipiscing elit. Praesent in purus ut sapien dapibus blandit. Aliquam vel fermentum urna, ut sagittis dolor. Aliquam fermentum elit pharetra, sagittis orci a, venenatis sem. Maecenas efficitur sem vitae consequat mattis. Sed semper dignissim est. Ut quis nibh facilisis leo rhoncus tincidunt. Nulla at eleifend orci. Suspendisse dolor massa, tincidunt at auctor quis, dapibus in turpis.Praesent et blandit dui. Nunc tempor varius nulla id suscipit. Aliquam luctus varius dictum. Suspendisse vel felis mi. Quisque et ex nec arcu fringilla feugiat id vel est. Fusce leo felis, aliquam sed nisl sed, gravida malesuada tellus. Nulla facilisi.Pellentesque mattis sit amet tortor ut finibus. Nullam lacus nunc, dignissim quis sodales gravida, tempor a libero. Donec interdum orci ac nisl egestas, eu semper est iaculis. Pellentesque id sem odio. Duis tortor lectus, lobortis sit amet justo mollis, suscipit porttitor elit. Morbi rutrum ultricies erat vel vulputate. Duis sit amet augue risus. Integer vitae mauris luctus, consequat nulla ut, molestie nibh. Integer pharetra sit amet lorem et bibendum. Vivamus laoreet sed dolor a ultricies.Morbi vitae ultricies lacus. Proin sit amet justo maximus, facilisis velit sed, congue purus. Quisque lobortis purus at ex blandit, vel tristique odio pulvinar. Nunc posuere, augue ac consequat tempor, turpis erat aliquam mauris, vel tincidunt ligula sapien ac est. Suspendisse lacus diam, feugiat laoreet vestibulum at, ultrices id magna. Aenean quis sem in orci luctus eleifend eu at turpis. Praesent iaculis dignissim eros ut tincidunt. Duis in lorem eu ligula laoreet fringilla. Phasellus sollicitudin lacus magna. Curabitur ac metus facilisis, semper dui quis, fringilla augue.Morbi eu lacus quis augue tincidunt mattis auctor vel orci. Nulla non augue suscipit, hendrerit nunc eu, tincidunt nisi. Vivamus pellentesque, felis ut convallis luctus, lacus lacus vestibulum eros, quis tempor est ex ut tortor. Donec est ex, iaculis placerat gravida et, luctus at ante. Etiam metus arcu, dapibus ut efficitur at, facilisis ac massa. Morbi at tortor felis. Suspendisse potenti. Vestibulum placerat neque nec venenatis bibendum. Nunc semper erat odio, in sagittis libero fringilla at. Donec at tincidunt est. Orci varius natoque penatibus et magnis dis parturient montes, nascetur ridiculus mus. In sit amet imperdiet tellus. Etiam sed nulla pellentesque, efficitur nibh facilisis, blandit enim. Pellentesque pretium ex ac lacus volutpat, non malesuada sapien pretium. Nunc vulputate est vel urna lobortis rhoncus.', 1),
(31, 'dhdfhdh', '1533483287.png', '2', 77, 'ghhhhhhhhhhhhhhhhhhhhhhhhhhhhhhhhhhhhhhhhhhhhhhhhhhhhhhhhhhhhhhhhhhhhhh', 11),
(32, 'hgjghjgjh', '1533483409.png', '2', 88, 'gggggggggggggggggggggggggggggggggggggggggggggggggggggggggggggggggggggggggggggggggggggggggggggggggggggggggggggggggggggggggggggggggggggggggggggggggggggggg', 11),
(33, 'gfhghxfh', '1533483999.png', 'PREFERANS.pdf', 56, 'uuuuuuuuuuuuuuuuuuuuuuuuuuuuuuuuuzzzzzzzzzzzzzzzzzzzzzzzz', 11),
(34, 'blablartzrtz', '1533484094.png', 'EuropeanAxisSignalIntelligenceVol.1Synopsis.pdf', 78, 'zzzzzzzzzzzzzzzzzzzzzzzzzzzzzzzzzzzzzzzzzzzzzzzzzzzzzzzzzzzzzzzzzzzzzzzzzzzzzzzzzzzzzzzzzzzzzzzzzzzzzzzzzzzzzz', 11),
(35, 'jhkkjhgkgk', '1533484443.png', 'EuropeanAxisSignalIntelligenceVol.2NotesOnGermanHighLevelCryptographyAndCryptanalysis.pdf', 28, 'jjjjjjjjjjjjjjjjjjjjjjjjjjjjjjjjjjjjjjjjjjjjjjjjjjjjjjjjjjjjjjjjjj', 11),
(36, 'jhkkjhgkgk', '1533484504.png', 'EuropeanAxisSignalIntelligenceVol.2NotesOnGermanHighLevelCryptographyAndCryptanalysis.pdf', 28, 'jjjjjjjjjjjjjjjjjjjjjjjjjjjjjjjjjjjjjjjjjjjjjjjjjjjjjjjjjjjjjjjjjj', 11),
(37, 'gffffffffffffffh', '1533484701.png', 'PREFERANS.pdf', 78, 'uuuuuuuuuuuuuuuuuuuuuuuuuuuuuuuuuuuuuuuuuuuuuuuuuuuuuuuuuuuuuuuuuuuuuuuuuuuuuuuuuuuuuuuuuuuuuuuuuuuuuuuuuuuuuuuuuuuuuuuuuuu', 11);

--
-- Indexes for dumped tables
--

--
-- Indexes for table `basket`
--
ALTER TABLE `basket`
  ADD PRIMARY KEY (`idBasket`);

--
-- Indexes for table `kategorije`
--
ALTER TABLE `kategorije`
  ADD PRIMARY KEY (`idKategorija`);

--
-- Indexes for table `korisnici`
--
ALTER TABLE `korisnici`
  ADD PRIMARY KEY (`idUser`);

--
-- Indexes for table `nivopristupa`
--
ALTER TABLE `nivopristupa`
  ADD PRIMARY KEY (`idPristupa`);

--
-- Indexes for table `ocene`
--
ALTER TABLE `ocene`
  ADD PRIMARY KEY (`idOcena`);

--
-- Indexes for table `predmeti`
--
ALTER TABLE `predmeti`
  ADD PRIMARY KEY (`idPredmeta`);

--
-- AUTO_INCREMENT for dumped tables
--

--
-- AUTO_INCREMENT for table `basket`
--
ALTER TABLE `basket`
  MODIFY `idBasket` int(11) NOT NULL AUTO_INCREMENT, AUTO_INCREMENT=48;
--
-- AUTO_INCREMENT for table `kategorije`
--
ALTER TABLE `kategorije`
  MODIFY `idKategorija` int(11) NOT NULL AUTO_INCREMENT, AUTO_INCREMENT=12;
--
-- AUTO_INCREMENT for table `korisnici`
--
ALTER TABLE `korisnici`
  MODIFY `idUser` int(11) NOT NULL AUTO_INCREMENT, AUTO_INCREMENT=39;
--
-- AUTO_INCREMENT for table `nivopristupa`
--
ALTER TABLE `nivopristupa`
  MODIFY `idPristupa` int(10) UNSIGNED NOT NULL AUTO_INCREMENT, AUTO_INCREMENT=6;
--
-- AUTO_INCREMENT for table `ocene`
--
ALTER TABLE `ocene`
  MODIFY `idOcena` int(11) NOT NULL AUTO_INCREMENT;
--
-- AUTO_INCREMENT for table `predmeti`
--
ALTER TABLE `predmeti`
  MODIFY `idPredmeta` int(11) NOT NULL AUTO_INCREMENT, AUTO_INCREMENT=38;COMMIT;

/*!40101 SET CHARACTER_SET_CLIENT=@OLD_CHARACTER_SET_CLIENT */;
/*!40101 SET CHARACTER_SET_RESULTS=@OLD_CHARACTER_SET_RESULTS */;
/*!40101 SET COLLATION_CONNECTION=@OLD_COLLATION_CONNECTION */;
